"","Country Name","year","international tourism","employmet in survice","population density","secure internet server","rural population","GDP"
"1","Afghanistan","2013",1.34875385,24404522,1.425490731,49.42803817,20561054090,27.61100006
"2","Angola","2013",0.639765831,9885476,4.574146922,20.86771477,1.3671e+11,41.83300018
"3","Albania","2013",26.07767387,1291587,35.57745315,105.660292,12776280961,36.61800003
"4","Arab World","2013",7.788312006,161751073,20.49847127,33.80378544,2.86727e+12,58.44397086
"5","Argentina","2013",9.325395403,3693179,73.85742248,15.42116023,5.52025e+11,90.85700226
"6","Armenia","2013",18.38800405,1067354,54.52818624,101.7767475,11121465767,48.7859993
"7","Australia","2013",11.18505925,3353116,3505.125728,3.010573526,1.57618e+12,90.03900146
"8","Austria","2013",4.73213106,3617832,1857.468016,102.7471302,4.30069e+11,82.81300354
"9","Azerbaijan","2013",15.55442682,4318074,16.77852171,113.9234754,74164435946,50.45000076
"10","Burundi","2013",3.720912554,8444873,0.314455883,371.506581,2451625333,3.046000004
"11","Belgium","2013",5.756565184,246734,1260.550852,368.5405218,5.20925e+11,90.58999634
"12","Benin","2013",1.17745521,5538340,0.99954141,88.72461866,9157355680,47.79399872
"13","Burkina Faso","2013",4.52208903,12574782,0.702873434,62.40049342,11947176342,44.56399918
"14","Bangladesh","2013",3.146621146,102715913,0.955718323,1173.578213,1.4999e+11,20.84799957
"15","Bulgaria","2013",3.690286517,1938841,322.5000568,66.92257738,55555171010,71.72699738
"16","Bahrain","2013",3.533184387,146823,247.9032782,1707.82987,32539547872,90.88300323
"17","Bahamas, The","2013",7.550771639,63902,620.9691476,36.68011988,10627600000,95.98400116
"18","Bosnia and Herzegovina","2013",2.008523233,1894621,41.49488865,69.19150391,18178503835,65.8690033
"19","Belarus","2013",2.873649945,2253002,38.66470695,46.65166793,75527984234,72.59700012
"20","Belize","2013",3.875617967,189168,1015.287158,15.1562911,1608442150,86.40299988
"21","Bolivia","2013",5.967081531,3405293,14.22829161,9.731723438,30659338784,60.7840004
"22","Brazil","2013",8.995261339,29735220,86.83026136,24.05270826,2.47281e+12,82.11599731
"23","Barbados","2013",3.266715821,194945,383.4032136,661.1534884,4612500000,88.26499939
"24","Brunei Darussalam","2013",8.029910396,97073,150.8329192,76.7402277,18093829923,88.68399811
"25","Bhutan","2013",6.086281668,446392,9.855851137,18.63310358,1798333726,23.41500092
"26","Botswana","2013",2.852651554,710090,10.66648049,3.639362659,14901750765,71.17700195
"27","Canada","2013",7.354101631,6603314,2362.885406,3.85802116,1.84202e+12,90.18900299
"28","Central Europe and the Baltics","2013",3.341600711,39310807,523.6626057,93.85237553,1.42192e+12,70.02276651
"29","Switzerland","2013",4.631159308,2129601,3954.955073,204.7106438,6.88504e+11,86.58499908
"30","Chile","2013",2.767555773,2241070,127.4221955,23.63248154,2.78384e+11,84.71600342
"31","China","2013",6.064290146,637792141,5.156256907,144.583453,9.57041e+12,41.95100021
"32","Cote d'Ivoire","2013",4.831496378,11354524,2.444821178,69.45756289,31264184741,48.6590004
"33","Cameroon","2013",8.990377705,10293982,1.268271144,46.70368302,32348149947,34.21900177
"34","Congo, Dem. Rep.","2013",1.268303229,41654276,0.154150559,31.47650339,32679745298,17.71199989
"35","Congo, Rep.","2013",5.004330699,1635209,1.94688845,13.53663543,14085851348,38.05199814
"36","Colombia","2013",6.364508002,9736063,41.35726945,41.90830735,3.81867e+11,78.28299713
"37","Cabo Verde","2013",10.96162289,187725,62.53077687,126.9846154,1850470042,79.16600037
"38","Costa Rica","2013",3.860634728,1186949,272.8744839,92.87322758,49745084870,89.01699829
"39","Caribbean small states","2013",3.632625951,3519546,176.4623634,17.59499074,71874614598,86.37993645
"40","Cyprus","2013",11.82871369,375909,980.8841245,123.7950216,24084559214,91.0059967
"41","Czech Republic","2013",3.156098855,2808362,1079.865539,136.1599586,2.09402e+11,75.02100372
"42","Germany","2013",6.93484507,18403327,2601.183288,231.1557126,3.75251e+12,84.98000336
"43","Djibouti","2013",4.185208057,201196,4.52850866,38.10582399,1324733712,40.34899902
"44","Denmark","2013",6.077582508,713546,3458.456843,133.7206954,3.43584e+11,89.83200073
"45","Dominican Republic","2013",3.467912868,2336313,26.87042009,207.9947009,62661773592,89.64600372
"46","Algeria","2013",0.808631766,11603754,1.782898916,16.01355815,2.09755e+11,73.76300049
"47","East Asia & Pacific (excluding high income)","2013",5.581069733,990766890,9.02175775,126.2407298,1.18278e+13,43.07318606
"48","Early-demographic dividend","2013",4.288127354,1727106065,21.04413872,91.74766056,1.02299e+13,42.05174212
"49","East Asia & Pacific","2013",5.003159412,1020995899,130.2035067,92.34634236,2.12439e+13,47.04189992
"50","Europe & Central Asia (excluding high income)","2013",7.504562254,136908049,104.4524623,17.93635583,4.31498e+12,65.66329927
"51","Europe & Central Asia","2013",6.099416443,257680086,935.5293123,32.75217722,2.33805e+13,76.78574912
"52","Ecuador","2013",3.343897598,5792131,30.68602883,63.24478177,95129659000,67.91200256
"53","Egypt, Arab Rep.","2013",4.991902127,50485238,6.368444009,88.80871967,2.88586e+11,52.07400131
"54","Euro area","2013",5.375560099,81191581,1428.149962,125.9000473,1.32027e+13,86.03453939
"55","Spain","2013",4.165400445,9728205,488.330717,93.2009456,1.36185e+12,89.3010025
"56","Estonia","2013",6.032774008,420151,1613.812475,30.31969174,25137153149,80.59999847
"57","Ethiopia","2013",1.505309681,77667875,0.293544788,95.385785,47648211133,27.47599983
"58","European Union","2013",5.744173468,128557721,1485.014647,119.5117019,1.80527e+13,84.01507349
"59","Fragile and conflict affected situations","2013",5.454628276,277386959,2.061869705,35.65876026,8.50109e+11,29.40872646
"60","Finland","2013",5.956337482,809047,2525.477241,17.89783145,2.6998e+11,88.67500305
"61","Fiji","2013",3.612024411,400725,49.67606584,47.37865353,4190143206,50
"62","France","2013",6.047958492,13770626,821.3496732,120.5330001,2.81108e+12,88.1289978
"63","United Kingdom","2013",9.439726201,11477670,2832.496879,265.0693424,2.75357e+12,91.71800232
"64","Georgia","2013",5.798114409,1610308,63.7496409,65.04195388,16140014428,42.85699844
"65","Ghana","2013",4.36482407,12572643,4.246900195,116.9361079,63277216921,47.22399902
"66","Guinea","2013",2.113706953,7129889,0.367214704,44.33017255,8376613843,26.0529995
"67","Gambia, The","2013",2.855585473,828293,4.073919227,194.0425889,1367041585,58.15299988
"68","Greece","2013",4.731015039,2483072,212.4902111,85.06757952,2.39862e+11,79.07499695
"69","Guatemala","2013",4.980212813,7905366,17.50468924,145.53771,53851148432,76.27500153
"70","Guyana","2013",3.406800898,558834,9.219199642,3.857175514,2987684170,81.52500153
"71","High income","2013",5.520372591,229983345,2154.505275,33.50348627,4.95844e+13,86.66460428
"72","Hong Kong SAR, China","2013",3.481737492,0,1161.598574,6837.047619,2.75697e+11,95.80999756
"73","Honduras","2013",5.023001812,4059814,13.29768946,78.63545446,18372173611,71.18399811
"74","Heavily indebted poor countries (HIPC)","2013",4.163230626,449717958,1.640751658,39.07134069,6.36323e+11,28.96643663
"75","Croatia","2013",3.7459999,1885015,396.8805051,76.04876698,58157880646,74.68699646
"76","Haiti","2013",9.408978246,5152493,1.34606674,377.38291,8452509316,58.94100189
"77","Hungary","2013",2.372771618,2972574,515.4106678,109.2795979,1.35221e+11,78.34100342
"78","IBRD only","2013",5.501002562,2190486937,29.7826521,65.65511623,2.65339e+13,49.0531559
"79","IDA & IBRD total","2013",5.483990359,3147174011,23.09811607,64.51733408,2.85039e+13,45.13177363
"80","IDA total","2013",5.253497371,956687074,2.145829851,61.22313174,1.97641e+12,31.29549591
"81","IDA blend","2013",7.155173671,297129677,3.330195981,83.29125694,9.83063e+11,40.29224858
"82","Indonesia","2013",4.865805971,120980386,7.823470668,138.9989909,9.12524e+11,50.35900116
"83","IDA only","2013",4.029296334,659557397,1.532011649,53.92404698,9.83697e+11,27.76029923
"84","India","2013",2.477478579,870936942,6.152183171,430.7986133,1.85672e+12,21.67700005
"85","Ireland","2013",3.385219365,1750530,2641.757371,67.11882712,2.38544e+11,89.5759964
"86","Iraq","2013",4.786143722,10081401,0.904784955,76.37620564,2.34648e+11,66.22699738
"87","Iceland","2013",11.55420675,20614,5522.54111,3.229566085,16033517529,89.74900055
"88","Israel","2013",6.175064196,642262,960.3573423,372.435305,2.92917e+11,90.84200287
"89","Italy","2013",4.75403473,18685173,374.9878723,204.7798599,2.13049e+12,83.8769989
"90","Jamaica","2013",5.215038827,1305001,71.01107528,263.9620499,14193012191,86.0019989
"91","Jordan","2013",4.989220496,926596,34.50534129,95.97229106,33675599436,82.8030014
"92","Japan","2013",3.374686104,11182024,1054.737338,349.5858021,5.15572e+12,81.93900299
"93","Kazakhstan","2013",3.394495915,7317450,17.37542962,6.310164092,2.36635e+11,64.58499908
"94","Kenya","2013",1.273480917,34233688,6.942020443,79.98012616,55096728048,32.35499954
"95","Kyrgyz Republic","2013",7.605561013,3688170,7.692845654,29.82064651,7335027592,56.05099869
"96","Cambodia","2013",3.760964688,11808443,3.992990438,85.12537956,15227991395,42.1609993
"97","Korea, Rep.","2013",3.775776401,9188649,337.1083319,517.6122906,1.3056e+12,80.29599762
"98","Kuwait","2013",22.68556903,0,224.0258985,197.8887767,1.74161e+11,95.48600006
"99","Latin America & Caribbean (excluding high income)","2013",5.761462182,121013431,54.97637648,30.44586482,5.74838e+12,79.47866957
"100","Lao PDR","2013",22.07853855,4456460,2.598870195,28.34187175,11942230508,21.22900009
"101","Lebanon","2013",14.08279628,722175,57.31559131,578.1643206,46866579768,72.96700287
"102","Libya","2013",6.109922156,1342697,5.695878984,3.5920519,65502870174,81.21199799
"103","St. Lucia","2013",6.724140319,144742,129.5679753,291.004918,1481132148,80.49199677
"104","Latin America & Caribbean","2013",5.538464263,126047989,61.7096347,30.44736472,6.29463e+12,79.76362171
"105","Least developed countries: UN classification","2013",3.279687177,619653220,1.211793832,50.54369689,8.92694e+11,26.08162327
"106","Low income","2013",3.477039659,431912894,1.000143439,45.5531211,4.87071e+11,23.84174086
"107","Sri Lanka","2013",8.40617837,16838942,11.56181686,328.2570563,74317806538,41.16699982
"108","Lower middle income","2013",4.218706238,1738431504,6.610492333,139.7207961,5.52187e+12,37.39079252
"109","Low & middle income","2013",5.590255995,3139168421,19.02056456,65.00118263,2.76202e+13,44.57641093
"110","Lesotho","2013",9.378668196,1499055,1.971881949,66.81551383,2526009063,30.61499977
"111","Late-demographic dividend","2013",6.603258639,931979808,46.24675472,49.8888019,1.89821e+13,49.56404301
"112","Lithuania","2013",2.778762499,976451,636.3076037,47.19088951,46417340375,77.71099854
"113","Luxembourg","2013",3.388187397,56651,3248.306832,223.6049383,61739352212,94.79599762
"114","Latvia","2013",4.652968705,645557,710.5071083,32.36287184,30254677297,81.5719986
"115","Macao SAR, China","2013",7.885976687,0,415.6765482,19055.1817,51552075902,90.05699921
"116","Morocco","2013",4.221418028,13587424,5.398079761,75.54490925,1.06826e+11,28.09000015
"117","Moldova","2013",7.101341789,2045215,47.21002786,123.9184455,9496684701,62.30599976
"118","Madagascar","2013",6.197943568,15182440,0.696826083,39.4658869,10601690872,26.09799957
"119","Maldives","2013",10.50193596,258977,79.4046098,1385.31,3295011382,72.1760025
"120","Middle East & North Africa","2013",7.599106347,148927241,41.10953558,36.52865932,3.55367e+12,63.05999524
"121","Mexico","2013",2.892769728,25311374,31.60893493,61.12665501,1.27444e+12,79.875
"122","Middle income","2013",5.632380496,2707255527,21.07157913,68.38105278,2.71303e+13,47.28560443
"123","North Macedonia","2013",2.520379349,888785,65.02680308,82.31827914,10817712139,53.9659996
"124","Mali","2013",3.579998254,10133445,0.972652418,13.48139552,13246412031,26.90299988
"125","Malta","2013",2.510688633,24370,2601.140464,1331.146875,10151192766,87.92700195
"126","Myanmar","2013",1.119171197,36578275,0.173569423,79.39678294,60269734045,34.60300064
"127","Middle East & North Africa (excluding high income)","2013",4.867917348,140729664,5.789936443,40.65450933,1.62418e+12,53.83641914
"128","Montenegro","2013",2.953251794,216571,57.95169726,46.18639405,4464261816,89.65200043
"129","Mongolia","2013",7.658356794,919378,40.59973794,1.85496022,12582122604,58.02099991
"130","Mozambique","2013",2.527496338,17033667,2.38647378,32.50429182,16018848994,14.26399994
"131","Mauritania","2013",2.596606754,1935240,0.523903901,3.703787717,5639818812,36.4109993
"132","Mauritius","2013",6.231516838,739811,126.3255242,620.0261084,12129642296,73.79199982
"133","Malawi","2013",3.04296287,13310371,1.452087214,168.0024289,5518880769,16.55699921
"134","Malaysia","2013",5.642737255,7977224,122.2985393,89.69372089,3.23277e+11,71.69300079
"135","North America","2013",5.191501423,65709270,4109.890796,19.25365879,1.86324e+13,90.46320404
"136","Namibia","2013",0.683183275,1233880,33.13170749,2.712907967,12717790505,63.95100021
"137","Niger","2013",2.702980172,15505085,0.270208122,14.60823794,7667952566,15.36299992
"138","Nigeria","2013",11.93934118,92550832,2.223958838,188.5940128,5.14966e+11,59.43299866
"139","Nicaragua","2013",3.844765844,2576240,12.7011273,50.37771315,10982972256,73.03299713
"140","Netherlands","2013",3.398021452,1817063,5668.32607,498.7958445,8.76924e+11,92.64099884
"141","Norway","2013",13.59650707,1001397,3211.261938,13.91208686,5.23502e+11,91.68000031
"142","Nepal","2013",7.944128098,22122481,2.93484939,187.7775096,19271168018,12.20199966
"143","New Zealand","2013",7.522669758,612077,3193.984827,16.87022901,1.90784e+11,86.48300171
"144","OECD members","2013",5.385451398,257376768,1990.542415,36.67245048,4.85933e+13,85.06959739
"145","Oman","2013",4.359350234,795052,74.6386599,12.16415186,78784395319,93.80699921
"146","Other small states","2013",10.03875469,11257537,288.3004113,13.67986965,4.36532e+11,62.28325354
"147","Pakistan","2013",3.331502837,123148456,1.714916837,248.1098472,2.31219e+11,13.7159996
"148","Panama","2013",3.407531973,1302054,258.1192182,51.59317998,4.56e+10,80.72299957
"149","Peru","2013",4.265252204,6851292,29.28731043,23.26092734,2.01175e+11,63.86399841
"150","Philippines","2013",10.70135097,53486543,12.47072565,331.5945669,2.71836e+11,69.76200104
"151","Papua New Guinea","2013",2.29957075,6777603,7.703785345,17.19820474,21261305413,26.53700066
"152","Poland","2013",3.918573317,15014846,517.7418118,124.2291107,5.24234e+11,72.92500305
"153","Pre-demographic dividend","2013",5.243832982,491033160,1.793262167,44.88618322,1.42857e+12,33.93396503
"154","Portugal","2013",5.728521941,3936962,422.6714461,114.1561345,2.26073e+11,77.35700226
"155","Paraguay","2013",3.286999102,2591285,23.6549111,16.38629751,38585317743,75.94999695
"156","West Bank and Gaza","2013",9.449913806,1024762,14.71775756,677.1940199,1.2476e+10,68.73699951
"157","Pacific island small states","2013",6.246047143,1433605,52.5108041,35.76481308,8440652847,41.57994047
"158","Post-demographic dividend","2013",5.477107933,213023259,2298.602763,34.55121546,4.5983e+13,86.09882362
"159","Qatar","2013",19.89540985,28389,207.9968364,201.2552972,1.98728e+11,95.51799774
"160","Romania","2013",2.802142528,9205089,175.8934147,86.87429031,1.90949e+11,49.55799866
"161","Russian Federation","2013",12.66983113,37508401,79.73135175,8.762780128,2.29713e+12,77.63800049
"162","Rwanda","2013",5.148575587,8979311,4.069724368,438.2465748,7621923308,14.81200027
"163","South Asia","2013",2.837969975,1160872625,5.133745743,357.4860157,2.35717e+12,20.88231906
"164","Saudi Arabia","2013",8.107989484,5187065,51.77602755,13.97993106,7.46647e+11,97.90299988
"165","Senegal","2013",3.630602531,7577712,2.176685952,71.58583078,18960182371,61.77099991
"166","Singapore","2013",4.609955015,0,2549.469714,7636.721687,3.07576e+11,85.16999817
"167","Solomon Islands","2013",9.585408331,448881,15.75257948,20.41211147,1129787202,29.54899979
"168","Sierra Leone","2013",3.141333123,4115917,1.019816491,95.09531726,4920343195,40.68799973
"169","El Salvador","2013",2.420396096,2002887,27.92819104,302.4165058,21990970000,77.93900299
"170","Serbia","2013",5.458609224,3190260,67.55877753,81.91324034,48394238300,63.06700134
"171","Sub-Saharan Africa (excluding high income)","2013",5.18757025,588877762,12.03546153,44.39108915,1.73819e+12,35.38259886
"172","Sub-Saharan Africa","2013",5.18381143,588918656,12.06866902,44.39436228,1.73951e+12,35.38259886
"173","Small states","2013",8.964069405,16210688,250.7388993,14.88062322,5.16848e+11,66.38441299
"174","Sao Tome and Principe","2013",1.753090128,61068,10.41194875,200.090625,302925488.1,83.41200256
"175","Suriname","2013",2.757147579,185313,34.71644884,3.508275641,5145757576,87.29599762
"176","Slovak Republic","2013",2.877041827,2482582,493.7753457,112.5726422,98478349315,79.09400177
"177","Slovenia","2013",3.26396935,961339,1215.561714,102.2816783,48116256926,73.48699951
"178","Sweden","2013",6.840177657,1350197,2690.518781,23.56846615,5.79361e+11,91.26699829
"179","Eswatini","2013",2.560423163,836877,10.12109429,63.18831395,4560713074,64.56600189
"180","East Asia & Pacific (IDA & IBRD countries)","2013",5.581326056,981020987,9.136806444,125.6202323,1.1805e+13,43.44747592
"181","Europe & Central Asia (IDA & IBRD countries)","2013",6.848882042,153807910,142.4717147,19.49386122,4.89737e+12,66.35151564
"182","Togo","2013",2.02528487,4238137,0.862723321,127.8676411,4320427496,48.1590004
"183","Thailand","2013",2.997614174,36666512,38.87327607,133.3839006,4.20333e+11,44.42499924
"184","Tajikistan","2013",0.794316613,5916757,1.861095523,57.58623178,8448469838,25.56599998
"185","Latin America & the Caribbean (IDA & IBRD countries)","2013",5.498857152,122848931,59.09810206,29.83197993,6.0819e+12,79.67770398
"186","Timor-Leste","2013",4.732718234,821388,2.601242527,77.55850706,5637671696,42.86800003
"187","Middle East & North Africa (IDA & IBRD countries)","2013",4.787945318,139704902,5.685115698,40.21074121,1.61163e+12,53.72149776
"188","Tonga","2013",10.36311155,77973,29.47881456,141.3444444,450686353.7,40.10400009
"189","South Asia (IDA & IBRD)","2013",2.837969975,1160872625,5.133745743,357.4860157,2.35717e+12,20.88231906
"190","Sub-Saharan Africa (IDA & IBRD countries)","2013",5.18381143,588918656,12.06866902,44.39436228,1.73951e+12,35.38259886
"191","Trinidad and Tobago","2013",0.972596257,629064,133.7076162,263.8791423,27110262285,85.8239975
"192","Tunisia","2013",2.921780507,3560257,15.5209313,70.500457,46251061734,54.27099991
"193","Turkey","2013",1.972698425,20856817,264.0113146,98.65593077,9.50579e+11,49.0530014
"194","Tanzania","2013",8.144937977,33842561,1.65008789,54.73274554,45680532614,24.94799995
"195","Uganda","2013",4.715096161,28214236,1.848985716,178.0133952,24599550624,19.25499916
"196","Ukraine","2013",6.471295184,14158638,54.03432873,78.52240558,1.8331e+11,66.55599976
"197","Upper middle income","2013",6.084938826,968824023,37.06536382,43.78327385,2.16085e+13,53.23085507
"198","Uruguay","2013",8.699328288,174793,113.8831529,19.3660096,57531233351,85.47299957
"199","United States","2013",4.723501259,59105956,4303.156936,34.5515705,1.67848e+13,90.4980011
"200","St. Vincent and the Grenadines","2013",3.319055539,54144,64.44366703,278.5179487,721208998.2,85.36000061
"201","Venezuela, RB","2013",7.086974724,3534416,14.87397196,33.7663069,3.71005e+11,87.5059967
"202","Vietnam","2013",1.494833709,61323029,14.17025676,292.6870449,1.71222e+11,34.25400162
"203","Vanuatu","2013",11.04376291,193090,136.3804625,21.05291222,801787555.9,34.21300125
"204","World","2013",5.542411915,3369151766,370.7704868,56.31070798,7.71896e+13,52.93748751
"205","Samoa","2013",3.354757685,153747,73.40719495,67.39116608,804808525.5,88.94400024
"206","Yemen, Rep.","2013",1.235783544,16707991,0.954384061,47.62980662,40415233436,37.02000046
"207","South Africa","2013",5.322307636,19439262,173.1818274,44.2582463,3.66645e+11,84.07900238
"208","Zambia","2013",3.242036077,8826788,3.014771577,20.07896797,28045460442,32.21300125
"209","Zimbabwe","2013",5.12730947,8990931,4.793879654,34.51042006,19091020000,26.4829998
"210","Afghanistan","2014",1.668376713,25165917,1.708080425,51.11477805,20484873230,27.73800087
"211","Angola","2014",0.9432567,10040932,5.938731811,21.61047485,1.45712e+11,42.47299957
"212","Albania","2014",27.07070815,1258985,52.26533901,105.4417518,13228247844,37.86700058
"213","Arab World","2014",8.553786869,164114145,26.72602609,34.53397845,2.90836e+12,58.73216156
"214","Argentina","2014",9.682883995,3679391,89.923716,15.59164538,5.2632e+11,91.51999664
"215","Armenia","2014",20.06468233,1074327,62.49135164,102.2972603,11609512940,51.3769989
"216","Australia","2014",10.5994667,3380029,3938.58565,3.055814795,1.46748e+12,89.85700226
"217","Austria","2014",5.005498976,3629979,2345.327061,103.5633242,4.41996e+11,82.73899841
"218","Azerbaijan","2014",16.0405933,4345898,22.96782229,115.3488166,75244294275,51.18199921
"219","Burundi","2014",4.111246622,8685033,0.609489941,383.3448988,2705783272,3.167000055
"220","Belgium","2014",6.068196357,242900,1610.037312,370.180218,5.30808e+11,90.84600067
"221","Benin","2014",1.303486793,5640687,1.069327205,91.22775807,9707432016,48.19900131
"222","Burkina Faso","2014",4.070258163,12849399,0.739223668,64.27637792,12377391463,45.58200073
"223","Bangladesh","2014",1.73098368,102701829,1.307272726,1187.064354,1.72885e+11,20.74099922
"224","Bulgaria","2014",3.921717255,1903435,635.2490844,66.54327561,56814543481,72.22599792
"225","Bahrain","2014",2.855104985,148104,288.9059372,1732.911837,33387712766,90.8769989
"226","Bahamas, The","2014",6.466797185,64238,739.2757795,37.02627373,10957300000,96.02700043
"227","Bosnia and Herzegovina","2014",1.951335511,1851086,61.74427875,68.00984375,18558343508,66.38600159
"228","Belarus","2014",2.986860554,2208224,61.11133334,46.67867468,78813839984,72.76799774
"229","Belize","2014",4.434308112,193168,834.8284781,15.49171416,1692955750,86.85800171
"230","Bolivia","2014",7.376150398,3421053,18.4934092,9.883242869,32996188133,58.94100189
"231","Brazil","2014",9.409686462,29416963,112.3376426,24.25943272,2.45599e+12,82.84899902
"232","Brunei Darussalam","2014",10.52134716,96984,241.5995353,77.75502846,17098342541,88.61100006
"233","Bhutan","2014",4.023748681,446404,18.07925947,18.86444393,1976938530,24.72599983
"234","Botswana","2014",3.075800158,702443,19.15145642,3.685377517,16250750259,71.41000366
"235","Canada","2014",7.110186252,6655859,2697.825054,3.897002917,1.80148e+12,90.34100342
"236","Central Europe and the Baltics","2014",3.376151569,39210929,702.6442976,93.65661503,1.46472e+12,70.29093269
"237","Switzerland","2014",5.336611594,2153942,4897.999658,207.2236258,7.09183e+11,86.71700287
"238","Chile","2014",3.26104568,2254855,165.156077,23.88459172,2.60542e+11,84.79499817
"239","China","2014",10.1420288,624030741,9.759065288,145.3173521,1.04385e+13,43.45600128
"240","Cote d'Ivoire","2014",5.140892078,11547148,3.444060922,71.21912893,35316494574,51.33599854
"241","Cameroon","2014",8.585913255,10439098,1.807612057,47.98260667,34942948737,36.08800125
"242","Congo, Dem. Rep.","2014",1.792443898,42652338,0.352458992,32.538959,35909040266,18.10499954
"243","Congo, Rep.","2014",4.760264347,1653914,3.166578495,13.87108053,14177437982,38.89099884
"244","Colombia","2014",6.816614648,9668612,54.73798803,42.33367192,3.81112e+11,78.74099731
"245","Cabo Verde","2014",9.31209676,187562,75.25049733,128.6027295,1859898513,79.09899902
"246","Costa Rica","2014",3.786500664,1153724,305.0842934,93.9168821,50577769785,86.44300079
"247","Caribbean small states","2014",4.487832958,3537928,200.4618429,17.71874768,72804605848,86.60186797
"248","Cyprus","2014",12.63142144,379897,2426.483032,124.7061688,23364707443,90.89099884
"249","Czech Republic","2014",3.26858323,2801426,1417.625471,136.30338,2.07818e+11,74.76599884
"250","Germany","2014",6.714413653,18472108,3352.786096,232.1080539,3.89873e+12,84.82099915
"251","Djibouti","2014",3.989610888,203878,8.901786589,38.77031924,1455035089,40.40399933
"252","Denmark","2014",6.203438425,710514,4349.802205,134.4004525,3.52994e+11,89.81600189
"253","Dominican Republic","2014",3.541982621,2269884,34.23452103,210.4156075,66065015410,88.10199738
"254","Algeria","2014",0.952784991,11591085,2.414981911,16.34254243,2.1381e+11,74.06600189
"255","East Asia & Pacific (excluding high income)","2014",8.577160097,977689891,14.22596506,127.1630475,1.27141e+13,44.44571835
"256","Early-demographic dividend","2014",4.664258293,1739398662,25.79337823,93.03950957,1.05949e+13,42.29497898
"257","East Asia & Pacific","2014",6.404878763,1007842018,163.0198534,92.97925277,2.18765e+13,48.3239117
"258","Europe & Central Asia (excluding high income)","2014",7.740706158,137115830,139.4984064,18.0477291,4.03617e+12,66.90815837
"259","Europe & Central Asia","2014",6.202476802,257384617,1175.922947,32.91261269,2.37068e+13,77.45644873
"260","Ecuador","2014",3.280650782,5860546,41.68798605,64.22869222,1.01726e+11,68.5059967
"261","Egypt, Arab Rep.","2014",4.711065463,51687636,8.017724901,90.83796675,3.0553e+11,51.76100159
"262","Euro area","2014",5.466159325,80798194,1853.585079,126.3360131,1.34991e+13,86.2143516
"263","Spain","2014",4.309704568,9590865,625.8487092,92.92273645,1.37691e+12,89.33399963
"264","Estonia","2014",6.453912397,417118,2194.675724,30.24028065,26615854605,80.24099731
"265","Ethiopia","2014",1.558432144,79458307,0.366993977,98.094253,55612228234,27.97900009
"266","European Union","2014",5.821162683,127976851,1872.330782,119.8891179,1.86687e+13,84.15009479
"267","Fragile and conflict affected situations","2014",5.611010067,282342481,2.973306089,36.48162546,8.5891e+11,29.80229392
"268","Finland","2014",6.074552463,809669,3008.873733,17.97200303,2.72609e+11,89.06300354
"269","Fiji","2014",3.484902846,396697,73.86436425,47.42490421,4856963252,51.61800003
"270","France","2014",6.570833894,13665096,1188.896814,121.1126895,2.85217e+12,88.78299713
"271","United Kingdom","2014",9.492125294,11394531,3250.498815,267.0737817,3.03473e+12,91.35199738
"272","Georgia","2014",5.619684931,1596856,83.07760308,65.07250079,16509316418,43.81700134
"273","Ghana","2014",4.920221964,12681431,5.436285413,119.646972,53601126665,50.05599976
"274","Guinea","2014",0.98718982,7266423,0.538069444,45.38082777,8778473615,26.15500069
"275","Gambia, The","2014",12.37372966,839411,7.904974304,200.0041502,1259063631,58.47399902
"276","Guinea-Bissau","2014",16.02897334,986438,0.590863245,60.18630868,1053512334,22.63899994
"277","Greece","2014",4.873452044,2428790,277.8080486,84.50281614,2.3703e+11,79.53800201
"278","Guatemala","2014",5.14210372,8019901,22.60845985,148.5931598,58722323918,71.58399963
"279","Guyana","2014",3.472404847,561741,14.40959941,3.877978156,3077643314,81.67199707
"280","High income","2014",5.64272686,229399401,2613.107985,33.70699869,5.06605e+13,86.74468098
"281","Hong Kong SAR, China","2014",3.547398502,0,1553.634415,6885.238095,2.91459e+11,95.73300171
"282","Honduras","2014",4.297661328,4073539,16.07934442,80.03922603,19618567447,68.29799652
"283","Heavily indebted poor countries (HIPC)","2014",4.453136949,459496342,2.214643488,40.18325849,6.72962e+11,29.73507158
"284","Croatia","2014",3.405121364,1868155,500.661926,75.73961758,57682343708,76.65200043
"285","Haiti","2014",9.993044785,5122176,2.369891084,382.7651669,8776350790,59.16500092
"286","Hungary","2014",2.379987788,2937544,668.1215608,108.985618,1.40083e+11,78.21199799
"287","IBRD only","2014",6.970432178,2183140322,39.92940208,66.2977138,2.74015e+13,50.09704445
"288","IDA & IBRD total","2014",6.841073698,3154770962,30.90988499,65.34866775,2.95383e+13,45.98285497
"289","IDA total","2014",5.158004743,971630640,2.959784844,62.60077147,2.14802e+12,31.76643967
"290","IDA blend","2014",7.046319384,301781854,4.692261386,85.23529232,1.07899e+12,40.57738805
"291","Indonesia","2014",5.084447321,120841853,11.78227466,140.8330917,8.90815e+11,51.20899963
"292","IDA only","2014",3.929626425,669848786,2.059288695,55.11387446,1.05762e+12,28.30506985
"293","India","2014",3.15995119,876035725,8.444708758,435.762324,2.03913e+12,22.18799973
"294","Ireland","2014",2.582172523,1754105,2807.799491,67.61126433,2.58472e+11,89.86100006
"295","Iraq","2014",6.40271846,10406862,1.540162602,79.26683001,2.34648e+11,66.54499817
"296","Iceland","2014",12.03332615,20733,6576.334969,3.265695761,17758089312,90.0510025
"297","Israel","2014",6.898182655,648712,1008.678506,379.6534196,3.10008e+11,91.22299957
"298","Italy","2014",5.06169514,18679287,493.0650442,206.6673693,2.15173e+12,84.26200104
"299","Jamaica","2014",6.132325499,1305772,85.21336034,265.478855,13852192273,86.12999725
"300","Jordan","2014",5.00699009,892005,38.78902459,100.4736314,36104372355,82.9509964
"301","Japan","2014",2.885197279,11067921,1376.6696,349.1222295,4.85041e+12,81.98999786
"302","Kazakhstan","2014",3.841937418,7413562,26.89682638,6.40378005,2.21416e+11,67.34400177
"303","Kenya","2014",1.015845352,34921779,9.807284504,82.05359138,61448046802,32.71900177
"304","Kyrgyz Republic","2014",8.805695529,3756020,14.05192357,30.42492179,7468096567,53.90200043
"305","Cambodia","2014",3.728977903,11944814,4.64826908,86.53128824,16702610842,42.84899902
"306","Korea, Rep.","2014",4.068215139,9283086,406.6080488,520.8524992,1.41133e+12,80.64199829
"307","Kuwait","2014",23.99774369,0,259.0124689,207.123569,1.62631e+11,95.40299988
"308","Latin America & Caribbean (excluding high income)","2014",5.808947495,120721368,68.57721744,30.77441381,5.88279e+12,79.64749012
"309","Lao PDR","2014",17.20545625,4482698,3.313374769,28.76844021,13268458232,21.93499947
"310","Lebanon","2014",15.63336032,754808,72.49605184,612.1612903,48296099502,73.10099792
"311","Libya","2014",3.498368308,1335455,5.658565016,3.615738773,41142722414,80.60500336
"312","St. Lucia","2014",7.791203145,145343,140.2162696,292.2885246,1542406296,81.04299927
"313","Latin America & Caribbean","2014",5.660006985,125782581,77.05236583,30.77041765,6.41623e+12,79.9353254
"314","Least developed countries: UN classification","2014",3.158560679,629773960,1.658180915,51.75009033,9.70016e+11,26.55189398
"315","Low income","2014",3.663858578,440496070,1.40869416,46.6876827,5.24078e+11,24.37231721
"316","Sri Lanka","2014",8.305377406,16992664,15.93031091,331.3347154,79356449841,41.81000137
"317","Lower middle income","2014",4.604380731,1751709972,9.114181445,141.801481,5.82697e+12,37.93644737
"318","Low & middle income","2014",7.019062638,3146738448,25.70145821,65.84305453,2.86518e+13,45.42439129
"319","Lesotho","2014",8.225940863,1501885,1.957486333,67.30688406,2614566292,30.60899925
"320","Late-demographic dividend","2014",8.467404145,917690880,63.22530664,50.19359763,1.96621e+13,50.91459046
"321","Lithuania","2014",2.759417633,964514,752.9753268,46.80553871,48516371721,77.06800079
"322","Luxembourg","2014",3.110542222,56277,4513.597414,228.9378601,66103853237,94.91999817
"323","Latvia","2014",4.552841682,638967,914.8442508,32.06468318,31335013752,82.67700195
"324","Macao SAR, China","2014",7.677944157,0,503.2124268,19478.81207,55347998648,90.17700195
"325","Morocco","2014",4.554764393,13589406,7.136099783,76.6129218,1.10081e+11,28.32099915
"326","Moldova","2014",7.526901862,2045071,66.64047911,123.8860557,9510219299,61.04399872
"327","Madagascar","2014",7.824322469,15443355,1.144558259,40.54638536,10673516673,26.79000092
"328","Maldives","2014",9.839699067,269248,94.24962358,1450.05,3697351597,73.58000183
"329","Middle East & North Africa","2014",8.359587651,150455315,48.51264861,37.23738303,3.56944e+12,63.81257058
"330","Mexico","2014",2.886960043,25283002,40.96211006,61.91266648,1.31456e+12,79.72200012
"331","Middle income","2014",7.089878928,2706242378,28.3776499,69.17177712,2.81287e+13,48.22792646
"332","North Macedonia","2014",2.520332437,887542,97.70066538,82.38600317,11362272838,55.46099854
"333","Mali","2014",4.228172474,10296683,1.47630065,13.87834681,14345828992,27.12299919
"334","Malta","2014",2.58393729,24566,2867.281237,1357.99375,11281702720,89.31600189
"335","Myanmar","2014",0.844219335,36779548,0.707716696,80.0526842,65446199788,34.93700027
"336","Middle East & North Africa (excluding high income)","2014",4.899395918,142190654,7.653004018,41.38799879,1.59844e+12,54.29501412
"337","Montenegro","2014",2.871360694,214705,69.15295669,46.23122677,4587928884,87.86100006
"338","Mongolia","2014",7.358104774,936042,59.18149946,1.892497232,12226514722,60.17499924
"339","Mozambique","2014",2.85129143,17380937,3.461897425,33.42679493,16961117243,14.8039999
"340","Mauritania","2014",3.154279026,1957468,0.254394927,3.813811972,5372783880,37.5340004
"341","Mauritius","2014",6.726838385,742551,189.5420379,621.1497537,12803445934,74.17700195
"342","Malawi","2014",3.5167445,13661711,1.903061719,172.7783199,6047813437,16.75300026
"343","Malaysia","2014",5.702179251,7891641,151.1054554,90.90415158,3.38062e+11,71.92500305
"344","North America","2014",5.286399929,65611473,4886.52381,19.40076232,1.9329e+13,90.43431254
"345","Namibia","2014",0.877209477,1231608,42.66680742,2.761396349,12786078008,64.51000214
"346","Niger","2014",3.991067959,16119596,0.259873139,15.18919792,8229731384,15.67399979
"347","Nigeria","2014",10.6508345,93526351,2.993114103,193.6876511,5.68499e+11,60.20000076
"348","Nicaragua","2014",3.90486333,2598376,16.44219275,51.04481469,11880438824,76.58499908
"349","Netherlands","2014",3.745034421,1738782,7204.740134,500.5938854,8.90981e+11,92.60700226
"350","Norway","2014",13.5550814,991897,3571.378517,14.06986657,4.99339e+11,91.54100037
"351","Nepal","2014",7.746983821,22014709,3.679350068,187.7009138,20002968838,12.53899956
"352","New Zealand","2014",7.580353112,618686,3490.919573,17.12696062,2.00834e+11,86.41899872
"353","OECD members","2014",5.442776572,256730241,2411.809353,36.9131959,4.96188e+13,85.14629529
"354","Oman","2014",5.490243572,799612,99.57142077,13.01214863,81076723017,93.94100189
"355","Other small states","2014",10.55902452,11330228,387.3163588,13.96031281,4.49039e+11,62.51812248
"356","Pakistan","2014",4.319430594,125349873,2.452551261,253.3556779,2.44361e+11,13.85099983
"357","Panama","2014",3.733274313,1311973,328.863473,52.47935163,49921500000,81.59400177
"358","Peru","2014",4.347492042,6868726,37.55355661,23.50809297,2.00984e+11,64.03900146
"359","Philippines","2014",12.63685369,54183617,16.10734708,337.100104,2.84585e+11,69.72100067
"360","Papua New Guinea","2014",2.669270314,6914610,11.07373585,17.54787572,23210611847,27.17399979
"361","Poland","2014",3.791808263,15051507,681.131761,124.1442732,5.45389e+11,73.21700287
"362","Pre-demographic dividend","2014",5.420002501,500969204,2.500087028,46.20358517,1.52873e+12,34.535147
"363","Portugal","2014",5.889379601,3855050,535.522238,113.5417757,2.2963e+11,78.71900177
"364","Paraguay","2014",3.43918454,2608529,33.18420141,16.61093884,40276532541,74.91400146
"365","West Bank and Gaza","2014",7.213186556,1038634,21.08593525,693.2554817,12715600000,68.51599884
"366","Pacific island small states","2014",5.81551931,1446174,60.37411974,36.21707165,9174063771,42.06025625
"367","Post-demographic dividend","2014",5.561974544,212160933,2763.197037,34.70933696,4.69238e+13,86.4573658
"368","Qatar","2014",20.10955635,27838,280.9859149,211.8172265,2.06225e+11,94.70200348
"369","Romania","2014",3.175215903,9178039,246.722848,86.53068063,1.99627e+11,49.99499893
"370","Russian Federation","2014",12.91287184,37465023,120.3590613,8.781877489,2.05998e+12,78.25499725
"371","Rwanda","2014",5.023740413,9203075,5.684055817,449.2758411,8016591928,18.93700027
"372","South Asia","2014",3.391812862,1168976369,7.040235924,362.0691791,2.58189e+12,21.2409184
"373","Saudi Arabia","2014",9.705146139,5268256,70.80248487,14.3820709,7.5635e+11,98.05599976
"374","Senegal","2014",3.859976013,7734300,3.033567268,73.62349244,19770840286,63.7120018
"375","Singapore","2014",4.809564934,0,2544.004048,7714.702232,3.14851e+11,87.43499756
"376","Solomon Islands","2014",9.594708936,458532,13.62678617,20.97459807,1172268296,29.76000023
"377","Sierra Leone","2014",1.566597381,4179972,0.712540601,97.21729011,5015157816,42.64400101
"378","El Salvador","2014",2.509336448,1959422,34.31224909,303.8189189,22593470000,77.91999817
"379","Serbia","2014",5.662191993,3167188,93.12010699,81.5295678,47062205547,65.19400024
"380","Sub-Saharan Africa (excluding high income)","2014",5.118101987,600044336,15.52376969,45.61119214,1.82569e+12,36.05470376
"381","Sub-Saharan Africa","2014",5.114914785,600085476,15.55997742,45.61450523,1.82703e+12,36.05470376
"382","Small states","2014",9.594658912,16314330,332.0018025,15.14011138,5.31018e+11,66.64761383
"383","Sao Tome and Principe","2014",7.8534917,60258,10.21831428,203.8822917,348941656.4,83.5719986
"384","Suriname","2014",3.250567228,187620,66.87476165,3.546621795,5240606061,87.43199921
"385","Slovak Republic","2014",2.922578512,2492579,657.7285224,112.7006864,1.00948e+11,78.34799957
"386","Slovenia","2014",3.325385054,957645,1558.21104,102.3823237,49889553216,72.49500275
"387","Sweden","2014",6.842799063,1333506,3148.788535,23.80523434,5.74413e+11,91.89299774
"388","Eswatini","2014",3.223481702,841535,19.1777144,63.66401163,4377293816,64.91799927
"389","East Asia & Pacific (IDA & IBRD countries)","2014",8.577103363,967938795,14.21522842,126.5414393,1.26896e+13,44.83867546
"390","Europe & Central Asia (IDA & IBRD countries)","2014",6.924680428,154035492,188.7938389,19.60157984,4.63924e+12,67.53570914
"391","Togo","2014",2.274058172,4312849,2.521715826,131.2373047,4568900620,48.59400177
"392","Thailand","2014",3.464882629,36311537,51.94427191,133.9598152,4.07339e+11,48.24700165
"393","Latin America & the Caribbean (IDA & IBRD countries)","2014",5.619471221,122582810,75.36184317,30.15802969,6.1995e+12,79.85107686
"394","Timor-Leste","2014",6.90760637,832213,5.960840683,78.97316745,4041636957,41.82799911
"395","Middle East & North Africa (IDA & IBRD countries)","2014",4.857985882,141152020,7.494399528,40.93354467,1.58563e+12,54.17444736
"396","Tonga","2014",11.88086322,77460,39.59298412,140.3166667,443911052.3,40.40999985
"397","South Asia (IDA & IBRD)","2014",3.391812862,1168976369,7.040235924,362.0691791,2.58189e+12,21.2409184
"398","Sub-Saharan Africa (IDA & IBRD countries)","2014",5.114914785,600085476,15.55997742,45.61450523,1.82703e+12,36.05470376
"399","Trinidad and Tobago","2014",1.573297013,634674,173.2310976,265.5637427,27477965424,86.14399719
"400","Tunisia","2014",2.87280536,3565448,20.33769431,71.21009912,47632326088,54.52199936
"401","Turkey","2014",2.123829954,20793146,298.6718948,100.3493978,9.34186e+11,50.0530014
"402","Tanzania","2014",8.876485383,34520239,2.321865758,56.4007925,49964788814,26.02599907
"403","Uganda","2014",4.398978511,28974560,2.194399524,184.0821265,27291879819,19.51099968
"404","Ukraine","2014",7.809599954,14048791,74.70409877,78.15074833,1.33503e+11,72.47599792
"405","Upper middle income","2014",7.885351709,954532406,49.73580795,44.12923775,2.23018e+13,54.52830515
"406","Uruguay","2014",9.566336401,171892,157.9210183,19.42883099,57236013086,85.70400238
"407","United States","2014",4.903919354,58955614,5129.543512,34.80614436,1.75217e+13,90.44599915
"408","St. Vincent and the Grenadines","2014",6.742535144,53823,91.86026217,279.1307692,727714407.1,85.48999786
"409","Venezuela, RB","2014",6.409238767,3562151,16.40864707,34.06284678,4.82359e+11,87.60399628
"410","Vietnam","2014",1.736668611,61343307,20.323919,295.7867417,1.86205e+11,34.37400055
"411","Vanuatu","2014",9.897258224,198283,113.6845935,21.64790812,814954307,34.32699966
"412","World","2014",6.072219408,3376137849,450.3750319,56.97637451,7.92961e+13,53.64276453
"413","Samoa","2014",0.985235717,155413,78.03517826,67.92261484,805162576.4,89.02600098
"414","Yemen, Rep.","2014",1.036503089,17000891,1.394079846,48.91089456,43228585321,35.76800156
"415","South Africa","2014",5.46039136,19466373,221.8678179,44.96450469,3.50638e+11,84.73899841
"416","Zambia","2014",3.691700892,9027027,4.090974706,20.71557729,27150630607,32.63299942
"417","Zimbabwe","2014",5.508730657,9170466,7.948961192,35.12131576,19495519600,26.12999916
"418","Afghanistan","2015",1.75296667,25877997,2.15031248,52.7120715,19907111419,27.81500053
"419","Angola","2015",1.024526347,10192857,8.140758082,22.3665525,1.16194e+11,42.92499924
"420","Albania","2015",25.83694128,1226200,68.38608492,105.135146,11386931490,38.32099915
"421","Arab World","2015",8.935822528,166207258,36.52527052,35.25689695,2.55799e+12,59.9856979
"422","Argentina","2015",12.20002609,3664923,123.2728413,15.76063274,5.94749e+11,91.33499908
"423","Armenia","2015",23.92396564,1079968,76.56672089,102.75915,10553337673,52.38999939
"424","Australia","2015",10.56330555,3405449,4574.110802,3.100112596,1.35152e+12,90.3219986
"425","Austria","2015",6.015774185,3654565,3081.907631,104.7307927,3.81806e+11,83.65200043
"426","Azerbaijan","2015",14.87004567,4369801,33.26652048,116.7310795,53074468085,52.06200027
"427","Burundi","2015",3.483088684,8932902,0.78739925,395.6397975,3104394858,3.066999912
"428","Belgium","2015",5.836070329,239464,2038.460215,372.3314399,4.5594e+11,90.91100311
"429","Benin","2015",4.936949577,5743271,2.269299256,93.79169918,8291155881,47.79999924
"430","Burkina Faso","2015",4.243184328,13124769,1.490837643,66.19380117,10419303761,45.91799927
"431","Bangladesh","2015",1.814561302,102647873,2.009519285,1200.401598,1.95079e+11,20.72699928
"432","Bulgaria","2015",4.25976058,1866995,679.8559653,66.120035,50201314895,72.93099976
"433","Bahrain","2015",4.22386262,150917,328.0239618,1763.304558,31125851064,90.74500275
"434","Bahamas, The","2015",8.223268638,64566,1002.121826,37.38321678,11792300000,96.13200378
"435","Bosnia and Herzegovina","2015",2.25630829,1811629,82.23106287,66.97970703,16211541253,66.66600037
"436","Belarus","2015",3.049200082,2165435,107.5912872,46.75194176,56454734397,72.98999786
"437","Belize","2015",4.227892207,197048,1141.486093,15.82345463,1762500450,87.08899689
"438","Bolivia","2015",7.130169523,3435596,26.67959554,10.03390566,33000198263,60.69200134
"439","Brazil","2015",8.371939802,29096333,158.9608197,24.46378847,1.80221e+12,83.29100037
"440","Brunei Darussalam","2015",9.425446798,96827,573.6225226,78.72998102,12930394938,89.17199707
"441","Bhutan","2015",3.655454236,446348,19.23404536,19.09583675,2059809920,24.32299995
"442","Botswana","2015",3.390696853,696549,35.36541432,3.742021774,14420604206,71.66100311
"443","Canada","2015",6.85318595,6691082,3386.894983,3.926196595,1.5529e+12,90.43800354
"444","Central Europe and the Baltics","2015",3.494199564,39092678,989.7755763,93.44131123,1.28736e+12,71.29333316
"445","Switzerland","2015",5.454450023,2176779,6938.08893,209.5960066,6.79832e+11,87.03099823
"446","Chile","2015",3.511666586,2271326,223.9924832,24.16755734,2.43919e+11,84.31099701
"447","China","2015",12.47731533,610192900,19.68247254,146.0576422,1.10155e+13,44.7140007
"448","Cote d'Ivoire","2015",4.935495755,11742209,5.037427006,73.03818553,33131113901,53.38999939
"449","Cameroon","2015",9.529565156,10582585,2.231915987,49.28681009,30916218544,36.66699982
"450","Congo, Dem. Rep.","2015",0.994810414,43657626,0.511512011,33.63161112,37917704900,18.56800079
"451","Congo, Rep.","2015",5.860519376,1673265,3.706682015,14.21989751,8553154580,41.00400162
"452","Colombia","2015",7.500198299,9616282,71.31633906,42.83070482,2.93482e+11,78.82700348
"453","Cabo Verde","2015",12.03586736,187333,74.32209672,130.2091811,1596800287,79.19000244
"454","Costa Rica","2015",5.237850306,1121685,312.9251925,94.94328241,54775997556,86.17299652
"455","Caribbean small states","2015",5.300810615,3554435,268.0619179,17.83922934,71620269050,86.67502454
"456","Cyprus","2015",11.48357847,383752,2377.291696,125.6477273,19680625485,91.60700226
"457","Czech Republic","2015",3.437415891,2797131,2048.822219,136.589289,1.8683e+11,74.61599731
"458","Germany","2015",6.467205704,18624547,4297.925887,234.1536686,3.38139e+12,85.1760025
"459","Djibouti","2015",3.189130935,206407,10.94100283,39.43024159,1633741923,41.17300034
"460","Denmark","2015",6.058693128,708958,6004.944503,135.3532508,3.02673e+11,89.27700043
"461","Dominican Republic","2015",3.99890441,2203775,46.39319644,212.8271579,68802092021,89.61399841
"462","Algeria","2015",1.203977202,11581514,3.826014507,16.68025267,1.65979e+11,74.45400238
"463","East Asia & Pacific (excluding high income)","2015",10.28472006,964368900,24.51223051,128.0800799,1.32234e+13,45.57927784
"464","Early-demographic dividend","2015",5.100231874,1750978130,33.62193881,94.3236638,1.02788e+13,42.73219887
"465","East Asia & Pacific","2015",7.509616761,994448049,196.6258321,93.60959422,2.17478e+13,49.40022868
"466","Europe & Central Asia (excluding high income)","2015",7.872777945,137323625,241.202303,18.16115467,3.08869e+12,67.84164822
"467","Europe & Central Asia","2015",6.23994145,257019204,1609.588174,33.07247337,2.04187e+13,78.02051854
"468","Ecuador","2015",4.159848536,5933924,81.35938643,65.27629248,99290381000,66.25299835
"469","Egypt, Arab Rep.","2015",5.351875511,52891003,10.54709148,92.86508313,3.32698e+11,54.17499924
"470","Euro area","2015",5.28840007,80334632,2493.474325,126.7611153,1.16842e+13,86.41996783
"471","Spain","2015",4.727516369,9473817,889.5715243,92.95268301,1.19908e+12,89.22899628
"472","Estonia","2015",6.960543478,415458,3120.707127,30.26011042,22904456872,80.02500153
"473","Ethiopia","2015",1.877614845,81245145,0.327265831,100.835458,64464547915,28.39800072
"474","European Union","2015",5.886917391,127314140,2529.526258,120.2649079,1.64465e+13,84.53884619
"475","Fragile and conflict affected situations","2015",6.889026955,286915490,3.796489045,37.30857911,7.74331e+11,30.45125673
"476","Finland","2015",6.747827866,809601,3395.181084,18.03011089,2.32851e+11,89.06800079
"477","Fiji","2015",4.699545464,393262,90.94812848,47.5438971,4682546881,52.1230011
"478","France","2015",6.05991392,13548420,1897.185975,121.6190587,2.43821e+12,89.06900024
"479","United Kingdom","2015",10.77782866,11315488,4385.413711,269.2053941,2.89642e+12,91.68599701
"480","Georgia","2015",7.035614563,1585179,118.648927,65.17505861,13993566298,44.83100128
"481","Ghana","2015",6.763312797,12786684,7.181533548,122.3925683,49181854795,52.20500183
"482","Guinea","2015",1.409986066,7414738,0.787257761,46.52485756,8794202444,26.62999916
"483","Gambia, The","2015",12.68265759,850447,8.15011554,206.1126482,1394149616,58.56600189
"484","Guinea-Bissau","2015",15.69045571,1005440,1.72691489,61.77816501,1047808175,22.69799995
"485","Greece","2015",5.539976147,2375617,409.9480606,83.94788984,1.96591e+11,79.69400024
"486","Guatemala","2015",5.137374406,8130928,28.48804939,151.6650709,63767597194,72.48100281
"487","Guyana","2015",5.236120175,564515,27.36398795,3.898562357,3197225182,81.83300018
"488","High income","2015",5.872484624,228701512,3314.789052,33.90685914,4.78506e+13,86.86336167
"489","Hong Kong SAR, China","2015",3.851571871,0,2331.820114,6944.095238,3.09384e+11,95.84200287
"490","Honduras","2015",4.396946971,4085776,20.3008565,81.44531236,20833948912,71.63500214
"491","Heavily indebted poor countries (HIPC)","2015",4.827206912,469358184,3.045472004,41.32211591,6.61004e+11,30.25685297
"492","Croatia","2015",3.348004051,1843070,635.6450322,75.11801287,49519006809,77.53900146
"493","Haiti","2015",11.20028987,5088190,3.83337282,388.0820755,8724656126,59.39799881
"494","Hungary","2015",2.46856413,2903693,926.5441488,108.7266983,1.23074e+11,78.41699982
"495","IBRD only","2015",7.914355115,2175123911,60.96682073,66.93353505,2.58613e+13,50.9761365
"496","IDA & IBRD total","2015",7.766665737,3161520171,46.85294816,66.18313532,2.79547e+13,46.6833801
"497","IDA total","2015",5.919195117,986396260,4.07059621,64.01040666,2.10606e+12,32.14526522
"498","IDA blend","2015",8.334974722,306436110,6.268412137,87.2139625,1.02495e+12,40.8447966
"499","Indonesia","2015",5.903846905,120631391,17.68303438,142.6294628,8.60854e+11,51.63199997
"500","IDA only","2015",4.422722438,679960150,2.943126267,56.33527683,1.07282e+12,28.75192791
"501","India","2015",3.595591876,880723750,11.68795322,440.6554586,2.10359e+12,22.73900032
"502","Ireland","2015",2.176173444,1761447,3194.414581,68.25311366,2.915e+11,89.92500305
"503","Iraq","2015",8.538571406,10699780,2.445725899,81.93956704,1.77499e+11,67.55599976
"504","Iceland","2015",12.84371853,20841,7611.50492,3.299900249,17344165907,91.33000183
"505","Israel","2015",8.89246936,655408,1304.99636,387.2504621,3.00471e+11,91.33399963
"506","Italy","2015",4.930985204,18483353,628.0196689,206.4682872,1.83227e+12,84.33699799
"507","Jamaica","2015",6.247988294,1305787,121.4103945,266.945614,14145469269,86.42099762
"508","Jordan","2015",5.582987333,902935,45.97167778,104.3768304,37968970381,83.0739975
"509","Japan","2015",2.877770126,10958283,1504.274782,348.7519201,4.38948e+12,82.0039978
"510","Kazakhstan","2015",4.886950241,7509900,48.16789287,6.498057562,1.84388e+11,71.42500305
"511","Kenya","2015",1.227498425,35593713,12.92860303,84.12400464,64007750179,32.81399918
"512","Kyrgyz Republic","2015",11.03751596,3825700,22.83066696,31.05787278,6678178340,57.2840004
"513","Cambodia","2015",4.128148931,12077540,10.17947051,87.93018355,18049954289,43.36500168
"514","Korea, Rep.","2015",5.226272727,9369405,557.7188976,523.5255477,1.38276e+12,81.1289978
"515","Kuwait","2015",25.71022621,0,332.6736349,215.2407969,1.14567e+11,95.36299896
"516","Latin America & Caribbean (excluding high income)","2015",5.722751001,120410379,95.07845922,31.0962194,4.99701e+12,79.88588348
"517","Lao PDR","2015",14.83606215,4509299,4.153585345,29.20781629,14390391264,22.50300026
"518","Lebanon","2015",16.79314269,776997,83.73288872,638.5804497,49973893201,73.29799652
"519","Libya","2015",5.055271282,1330517,6.232165296,3.647723269,27842131480,80.55400085
"520","St. Lucia","2015",9.107842447,145961,139.5665621,293.6491803,1640925667,81.55200195
"521","Latin America & Caribbean","2015",5.648095402,125499462,106.3202006,31.08811335,5.51774e+12,80.15163068
"522","Least developed countries: UN classification","2015",3.603585487,639957356,2.370621674,52.98328096,9.60498e+11,26.9021792
"523","Low income","2015",4.604342731,448971952,1.927664435,47.86370943,5.17633e+11,24.72300025
"524","Sri Lanka","2015",9.353887768,17141717,20.93466857,334.396428,80604080689,42.15200043
"525","Lower middle income","2015",5.221950779,1764406219,13.35343668,143.8833792,5.78435e+12,38.45286807
"526","Low & middle income","2015",7.99132619,3153462628,39.86549875,66.68775987,2.71692e+13,46.13073668
"527","Lesotho","2015",8.785398711,1504980,6.799347845,67.82019104,2510312801,30.88999939
"528","Late-demographic dividend","2015",9.447381236,903240144,100.6367863,50.49816952,1.84175e+13,51.99809169
"529","Lithuania","2015",3.571511025,951939,1185.234654,46.36727853,41516701871,76.90699768
"530","Luxembourg","2015",2.929015598,55941,5500.312498,234.4049383,57204400105,94.85700226
"531","Latvia","2015",4.875812705,633204,1312.750724,31.80326472,26972863394,82.22499847
"532","Macao SAR, China","2015",7.616032098,0,752.3854605,19805.42788,45361678147,90.20700073
"533","Morocco","2015",5.228023878,13585013,9.462374699,77.66883935,1.0118e+11,28.42499924
"534","Moldova","2015",8.259149799,2043968,101.5726027,123.806319,7745231660,58.52000046
"535","Madagascar","2015",6.771773419,15705385,1.609303391,41.65364043,9744243531,26.91600037
"536","Maldives","2015",11.15851932,279641,116.5052812,1516.383333,4109424800,74.68299866
"537","Middle East & North Africa","2015",8.915186614,151716461,65.48279577,37.94030914,3.14622e+12,64.83530666
"538","Mexico","2015",2.958048815,25242938,57.8869263,62.68590139,1.17056e+12,79.60800171
"539","Middle income","2015",8.062744131,2704490676,44.20357638,69.95890746,2.66565e+13,49.04220529
"540","North Macedonia","2015",2.891373476,885627,114.9409809,82.44758128,10064515432,58.04899979
"541","Mali","2015",2.891919905,10464836,2.236395234,14.29185455,13099495530,32.03099823
"542","Malta","2015",2.38461751,24861,3527.669738,1390.790625,10701866983,90.74099731
"543","Myanmar","2015",0.903194002,36951315,1.044025096,80.66504257,59687410897,35.42200089
"544","Middle East & North Africa (excluding high income)","2015",5.971650151,143400432,10.88534656,42.12149554,1.44162e+12,55.16251603
"545","Montenegro","2015",2.765290363,212741,94.83106408,46.25717472,4052913386,83.84100342
"546","Mongolia","2015",8.944588756,952604,75.03904532,1.930043899,11749620620,60.15599823
"547","Mozambique","2015",3.036139227,17739553,4.80733638,34.38795748,14798413628,15.27999973
"548","Mauritania","2015",2.819895847,1979086,3.459950211,3.925779567,4832547925,38.31800079
"549","Mauritius","2015",9.382841525,744937,234.4359479,621.9729064,11692287066,74.52999878
"550","Malawi","2015",4.707131051,14013642,2.269293067,177.6124629,6373212641,16.86499977
"551","Malaysia","2015",5.730601368,7805973,233.8544774,92.13502359,2.96636e+11,72.875
"552","North America","2015",5.663779428,65480007,6061.496254,19.54449497,1.97781e+13,90.4246526
"553","Namibia","2015",1.023941703,1229214,63.06957006,2.81177228,11650656642,70.30999756
"554","Niger","2015",4.748481988,16751993,0.299975057,15.79037104,7217667781,15.8760004
"555","Nigeria","2015",12.50344275,94484916,3.549790544,198.8838543,4.94583e+11,61.01800156
"556","Nicaragua","2015",3.676025045,2620295,21.85356824,51.71381087,12756717323,76.91200256
"557","Netherlands","2015",3.519625702,1664686,9728.851778,502.8175423,7.65265e+11,92.44599915
"558","Norway","2015",13.33571715,981114,4093.96973,14.21057257,3.86663e+11,91.87000275
"559","Nepal","2015",8.67528448,22001852,5.441415188,188.4550471,21410840909,12.73499966
"560","New Zealand","2015",7.82416154,627727,3932.806754,17.45357184,1.77208e+11,85.93599701
"561","OECD members","2015",5.653110322,255970352,3053.00421,37.15124696,4.68702e+13,85.26951934
"562","Oman","2015",6.003495067,795860,116.4657769,13.78787722,68921456437,94.06400299
"563","Other small states","2015",10.80342329,11407196,468.9647806,14.24792105,3.71473e+11,63.13861519
"564","Pakistan","2015",5.433754268,127581406,3.409769604,258.7003995,2.70556e+11,13.42199993
"565","Panama","2015",4.648171427,1321665,306.6659913,53.38292978,54091700000,82.60900116
"566","Peru","2015",5.572632611,6899488,46.33954666,23.80526094,1.89759e+11,63.96500015
"567","Philippines","2015",13.16961354,54851133,20.94733833,342.4664185,2.92774e+11,71.30500031
"568","Papua New Guinea","2015",3.596827692,7052791,13.44388565,17.90349115,21723378125,27.61199951
"569","Poland","2015",3.847056593,15088963,955.8417889,124.0615696,4.77577e+11,73.13999939
"570","Pre-demographic dividend","2015",6.602870098,510890319,3.292946163,47.54304495,1.34133e+12,35.02197469
"571","Portugal","2015",6.066929996,3779248,901.3256902,113.0725249,1.9942e+11,79.37200165
"572","Paraguay","2015",4.389302121,2625333,40.51581567,16.83550466,36164068797,76.37599945
"573","West Bank and Gaza","2015",8.092646076,1051809,32.55199185,709.317608,1.2673e+10,75.05200195
"574","Pacific island small states","2015",6.233373801,1459545,78.0413173,36.69271028,8909228715,41.92520492
"575","Post-demographic dividend","2015",5.804076786,211221681,3506.501631,34.86661247,4.44014e+13,86.61892734
"576","Qatar","2015",19.64015425,27068,359.7444762,220.9913867,1.6174e+11,93.95800018
"577","Romania","2015",3.146320503,9137513,361.232715,86.12430894,1.77893e+11,54.36299896
"578","Russian Federation","2015",13.63928281,37393138,321.4018459,8.798804045,1.36359e+12,78.76499939
"579","Rwanda","2015",9.727833542,9435874,7.388466481,460.8460073,8277613194,19.50600052
"580","South Asia","2015",3.88952539,1176700584,9.736957705,366.6328906,2.69731e+12,21.59584318
"581","Saudi Arabia","2015",8.235100194,5334912,89.41389037,14.75453065,6.5427e+11,97.88600159
"582","Singapore","2015",5.093424031,0,3585.18389,7806.772752,3.08004e+11,87.59999847
"583","Solomon Islands","2015",9.785509057,468261,21.55465431,21.54762415,1154650066,29.88400078
"584","Sierra Leone","2015",1.524999059,4243693,0.976029551,99.36151288,4218723875,40.7480011
"585","El Salvador","2015",3.038879635,1916513,45.21650485,305.2666023,23438240000,76.61199951
"586","Serbia","2015",6.064617798,3143538,141.0776557,81.12717814,39628549950,66.79799652
"587","Sub-Saharan Africa (excluding high income)","2015",5.967121097,611258708,18.92073648,46.85856784,1.66036e+12,36.53928923
"588","Sub-Saharan Africa","2015",5.960051586,611300373,19.01338971,46.86195089,1.66174e+12,36.53928923
"589","Small states","2015",9.910243412,16421176,407.6027073,15.40548799,4.52003e+11,67.07811796
"590","Sao Tome and Principe","2015",11.87924337,59483,15.04272133,207.7416667,318265835.3,83.9960022
"591","Suriname","2015",4.773197821,189795,107.3070753,3.58425,4787367928,87.48699951
"592","Slovak Republic","2015",2.887921119,2500969,1068.438905,112.8031442,87769595120,77.91899872
"593","Slovenia","2015",3.526115677,953743,2188.966388,102.4461087,43102044291,74.64499664
"594","Sweden","2015",7.200205396,1317697,4207.900534,24.05829958,4.98118e+11,92.06600189
"595","Eswatini","2015",3.786177369,846802,26.26706907,64.18860465,4020275298,65.01300049
"596","East Asia & Pacific (IDA & IBRD countries)","2015",10.28473234,954613699,24.5136886,127.4574661,1.31979e+13,45.98893881
"597","Europe & Central Asia (IDA & IBRD countries)","2015",6.938623683,154255658,305.0378381,19.71060177,3.61579e+12,68.38792671
"598","Togo","2015",2.193590164,4386572,3.00416842,134.6416253,4179185205,49.13600159
"599","Thailand","2015",4.151618009,35941812,69.38854589,134.4996203,4.01296e+11,49.38499832
"600","Latin America & the Caribbean (IDA & IBRD countries)","2015",5.590195891,122301234,103.1028583,30.47947175,5.29048e+12,80.06971574
"601","Timor-Leste","2015",7.577673235,843513,9.1950026,80.45070612,3092624755,44.52399826
"602","Middle East & North Africa (IDA & IBRD countries)","2015",5.924104552,142348623,10.62814009,41.65635496,1.42881e+12,54.99556926
"603","Tonga","2015",10.38692265,77324,109.1475576,139.9736111,435438217.3,40.62599945
"604","South Asia (IDA & IBRD)","2015",3.88952539,1176700584,9.736957705,366.6328906,2.69731e+12,21.59584318
"605","Sub-Saharan Africa (IDA & IBRD countries)","2015",5.960051586,611300373,19.01338971,46.86195089,1.66174e+12,36.53928923
"606","Trinidad and Tobago","2015",2.415731177,639683,269.2785961,267.1204678,25121524775,85.65799713
"607","Tunisia","2015",3.458113452,3571323,19.14141111,71.96156668,43152528548,54.55099869
"608","Turkey","2015",2.549459423,20723126,363.5325971,102.0352754,8.59797e+11,52.75099945
"609","Tanzania","2015",10.62113181,35205369,3.282660388,58.11992888,47378599025,26.18899918
"610","Uganda","2015",3.790716395,29792918,2.982306057,190.6316228,27102650387,19.80500031
"611","Ukraine","2015",10.76776043,13970205,141.8035144,77.94719225,91030959455,72.98300171
"612","Upper middle income","2015",9.012082712,940084457,78.64419247,44.46992493,2.08663e+13,55.59928134
"613","Uruguay","2015",9.977090799,169065,186.1073637,19.49496629,53274304222,85.80200195
"614","United States","2015",5.426112416,58788925,6358.801531,35.06373087,1.82193e+13,90.42299652
"615","St. Vincent and the Grenadines","2015",8.505236272,53522,119.1043354,279.8666667,755458031.4,85.60600281
"616","Vietnam","2015",2.112022372,61343883,32.72653962,298.8908182,1.93241e+11,35.23500061
"617","Vanuatu","2015",6.981336419,203453,125.4010991,22.24200164,737917151.4,33.84400177
"618","World","2015",6.52054298,3382164140,573.2667671,57.64326476,7.50031e+13,54.24716087
"619","Samoa","2015",0.780412402,156912,129.190287,68.37915194,804100573.4,89.1309967
"620","Yemen, Rep.","2015",1.026315349,17282718,1.396337648,50.18824744,42628328212,32.71500015
"621","South Africa","2015",5.725898091,19480493,272.7566515,45.65726121,3.17416e+11,84.0019989
"622","Zambia","2015",4.510287378,9224797,5.667734363,21.36074066,21154394546,33.09199905
"623","Zimbabwe","2015",7.422841866,9340761,11.72669928,35.71055706,19963120600,26.33499908
"624","Afghanistan","2016",1.191517328,26530269,12.03963652,54.19711424,19362642267,27.95400047
"625","Angola","2016",3.207697861,10340319,8.321058616,23.13506377,1.01124e+11,42.88399887
"626","Albania","2016",24.58921142,1195854,144.6402612,104.9671898,11861352705,40.34799957
"627","Arab World","2016",10.03881522,168295267,55.75980153,35.96876433,2.50612e+12,60.53107033
"628","Argentina","2016",15.55154921,3649822,735.0247651,15.92813508,5.57531e+11,91.10600281
"629","Armenia","2016",24.77453614,1083966,189.7044629,103.1312259,10546135160,55.24200058
"630","Australia","2016",12.60552693,3435109,9810.215053,3.144935531,1.21003e+12,90.22899628
"631","Austria","2016",6.06046118,3677700,4449.980244,105.8694934,3.94053e+11,84.08799744
"632","Azerbaijan","2016",15.68949586,4388966,101.8670989,118.033289,37867518957,51.87400055
"633","Burundi","2016",3.774111634,9188745,1.525553304,408.4111371,2959185295,3.016000032
"634","Belgium","2016",5.612085339,235807,3047.27862,374.2213342,4.69677e+11,91.07499695
"635","Benin","2016",2.798400235,5846019,2.483428404,96.41776339,8573159697,47.98699951
"636","Burkina Faso","2016",4.328927153,13400406,1.823410423,68.15196637,10886363727,45.28499985
"637","Bangladesh","2016",1.750125355,102549930,23.61828297,1213.573327,2.21415e+11,20.6779995
"638","Bulgaria","2016",5.150739411,1829783,4043.451141,65.65790346,53240950226,73.38400269
"639","Bahrain","2016",9.109432344,155554,346.474343,1832.636175,32250132979,90.76499939
"640","Bahamas, The","2016",10.24283494,64883,1053.102286,37.75534466,11838800000,96.17299652
"641","Bosnia and Herzegovina","2016",2.328272003,1777181,188.4080611,66.13802734,16913330694,67.16799927
"642","Belarus","2016",2.974074482,2122548,438.9817476,46.8083514,47722657821,73.48000336
"643","Belize","2016",4.859469545,200796,1517.372421,16.15081105,1806646250,88.47299957
"644","Bolivia","2016",8.898198164,3448765,37.89041747,10.18352534,33941126194,59.83399963
"645","Brazil","2016",8.401135517,28776240,410.044364,24.66614079,1.79628e+12,84.47599792
"646","Brunei Darussalam","2016",11.59671518,96596,612.1962839,79.65844402,11400653949,89.79000092
"647","Bhutan","2016",4.202670855,446239,36.64947761,19.31388997,2219675781,24.88899994
"648","Botswana","2016",3.674145195,692629,50.92724626,3.81123992,15646323341,71.91600037
"649","Canada","2016",5.593259208,6752474,10221.44125,3.970907493,1.52671e+12,90.33499908
"650","Central Europe and the Baltics","2016",3.627976934,38947848,4145.887896,93.20299539,1.31563e+12,72.04275095
"651","Switzerland","2016",5.165922866,2198922,17196.72608,211.8974034,6.70181e+11,87.25700378
"652","Chile","2016",3.978482303,2290337,1237.18578,24.48995771,2.5034e+11,84.01399994
"653","China","2016",12.87786441,596465626,47.91156662,146.8506776,1.11379e+13,45.74100113
"654","Cote d'Ivoire","2016",4.583479213,11939706,6.044651336,74.91419497,35296979104,55.24000168
"655","Cameroon","2016",11.56170792,10724114,2.800237845,50.61568192,32621535419,37.04800034
"656","Congo, Dem. Rep.","2016",0.421405196,44667920,0.634605331,34.75403145,37134799974,18.60700035
"657","Congo, Rep.","2016",6.272245748,1693490,4.617547604,14.58564861,9035848071,41.33000183
"658","Colombia","2016",8.846781475,9582253,320.0032085,43.41720775,2.82825e+11,79.47399902
"659","Cabo Verde","2016",7.496393065,187048,112.9632907,131.7980149,1662998678,79.45200348
"660","Costa Rica","2016",5.792706581,1090839,489.8613998,95.9527027,57157995873,86.6969986
"661","Caribbean small states","2016",5.881534028,3568805,357.5267567,17.95575151,67183921136,86.29763282
"662","Cyprus","2016",12.04350097,387554,4550.55474,126.6436147,20453761062,91.95200348
"663","Czech Republic","2016",3.536021036,2792682,11991.38925,136.8341362,1.9509e+11,74.13400269
"664","Germany","2016",6.525382706,18755733,11624.9602,235.7129294,3.49516e+12,85.2990036
"665","Djibouti","2016",3.88042176,208790,11.83926157,40.0824849,1764268469,41.70600128
"666","Denmark","2016",6.264808357,707867,24041.33373,136.4136699,3.11988e+11,89.66000366
"667","Dominican Republic","2016",4.246877438,2138192,93.28947638,215.2296212,72342967648,89.7480011
"668","Algeria","2016",0.923644159,11573776,7.619958115,17.02595749,1.6013e+11,74.69400024
"669","East Asia & Pacific (excluding high income)","2016",10.59729341,950970882,106.5478547,129.017303,1.34578e+13,46.75605859
"670","Early-demographic dividend","2016",5.479993352,1762105361,126.8195751,95.6012443,1.05135e+13,43.29924866
"671","East Asia & Pacific","2016",8.011683712,980972257,412.3588587,94.21395048,2.24476e+13,50.53993246
"672","Europe & Central Asia (excluding high income)","2016",6.813648245,137471565,1157.069054,18.27239042,2.96029e+12,68.36994886
"673","Europe & Central Asia","2016",6.195028495,256568008,4421.049378,33.229176,2.03597e+13,78.39994014
"674","Ecuador","2016",5.42714142,6013650,120.5497627,66.40004429,99937696000,65.57099915
"675","Egypt, Arab Rep.","2016",6.37029402,54087949,14.69606173,94.87877041,3.32928e+11,55.39199829
"676","Euro area","2016",5.404395542,79860007,6792.82454,127.146936,1.19814e+13,86.6057897
"677","Spain","2016",5.200058512,9371088,2762.589077,93.04827901,1.2375e+12,89.44000244
"678","Estonia","2016",7.363969058,413645,10786.67569,30.2689211,23984296771,80.73100281
"679","Ethiopia","2016",2.315557681,83021629,0.405391706,103.603501,74271281811,28.45100021
"680","European Union","2016",5.986143365,126611921,6746.422135,120.6075694,1.65514e+13,84.82069466
"681","Fragile and conflict affected situations","2016",7.712436927,291412112,9.893556576,38.14054369,7.42854e+11,30.74706214
"682","Finland","2016",7.003190726,809183,7131.362911,18.08200783,2.3901e+11,89.10399628
"683","Fiji","2016",4.752648041,390529,113.4801851,47.75035577,4926740194,52.4090004
"684","France","2016",6.145272008,13427447,6674.44733,122.1055871,2.47129e+12,89.20800018
"685","United Kingdom","2016",11.05079747,11226025,8698.545397,271.134481,2.65924e+12,91.77799988
"686","Georgia","2016",8.32227915,1571628,406.7063626,65.21405578,14378036929,45.83399963
"687","Ghana","2016",7.649806705,12888365,96.93860104,125.1733585,55009730589,52.88899994
"688","Guinea","2016",0.317231625,7575990,0.937092072,47.77161403,8604520929,26.08799934
"689","Gambia, The","2016",17.24572391,861418,8.840749714,212.3655138,1442298542,58.6629982
"690","Guinea-Bissau","2016",15.09119334,1024313,1.683088939,63.38680654,1178204501,23.07999992
"691","Greece","2016",5.50638597,2329011,1411.844928,83.5994647,1.95222e+11,80.1309967
"692","Guatemala","2016",5.262569773,8238630,36.18150088,154.7504666,68663653469,72.22200012
"693","Guyana","2016",5.760641873,567093,31.11363477,3.918547117,3504024213,81.98600006
"694","High income","2016",6.133603765,227960139,7016.871383,34.09689091,4.88467e+13,87.05234007
"695","Hong Kong SAR, China","2016",4.072832706,0,3873.320067,6987.238095,3.20861e+11,95.8690033
"696","Honduras","2016",4.865154259,4096486,30.31023769,82.85633211,21566622850,72.08699799
"697","Heavily indebted poor countries (HIPC)","2016",5.100312564,479293956,8.170945756,42.48783785,6.77329e+11,30.40971416
"698","Croatia","2016",4.025555694,1819891,1724.580288,74.59522873,51623429121,79.90100098
"699","Haiti","2016",11.98621526,5051860,4.520307713,393.3225689,7975563430,59.41699982
"700","Hungary","2016",2.725434843,2867756,4125.932862,108.4063073,1.26008e+11,77.99900055
"701","IBRD only","2016",8.149620301,2166537773,233.7460149,67.5665447,2.60078e+13,51.76148305
"702","IDA & IBRD total","2016",7.939100086,3167839063,180.7345997,67.02501853,2.80506e+13,47.24195067
"703","IDA total","2016",5.212016925,1001301290,22.11271909,65.45707036,2.05372e+12,32.21790452
"704","IDA blend","2016",6.921622255,311082588,42.64403607,89.22348963,9.49685e+11,40.75915582
"705","Indonesia","2016",6.224656619,120343715,306.2233068,144.3798617,9.31877e+11,53.94100189
"706","IDA only","2016",4.303052016,690218702,11.57363828,57.59575862,1.10034e+12,28.91553567
"707","India","2016",4.064297473,885010817,38.29568349,445.4843414,2.29043e+12,23.22100067
"708","Ireland","2016",2.188833651,1771980,11743.44184,69.0279431,3.00523e+11,89.49700165
"709","Iraq","2016",11.39496908,10948776,4.151799401,84.33142147,1.7022e+11,68.27600098
"710","Iceland","2016",14.82532038,21015,35663.71233,3.346024938,20716024757,90.8789978
"711","Israel","2016",9.161054916,661802,2119.588111,394.9168207,3.19378e+11,91.49900055
"712","Italy","2016",5.057124771,18276159,1305.100864,206.1178282,1.8692e+12,84.58699799
"713","Jamaica","2016",6.791999929,1304959,121.8069546,268.3506925,14072135209,85.34300232
"714","Jordan","2016",6.295453071,906816,70.04159675,107.5857964,39252468265,83.23200226
"715","Japan","2016",3.343749911,10849141,2109.539994,348.350096,4.92667e+12,82.40399933
"716","Kazakhstan","2016",4.903077171,7604467,264.1893599,6.591123088,1.37278e+11,72.91899872
"717","Kenya","2016",0.898083714,36246743,19.20423286,86.18562392,69188755511,32.98899841
"718","Kyrgyz Republic","2016",12.24382725,3894285,42.27321326,31.69708029,6813092066,60.83399963
"719","Cambodia","2016",4.604253562,12205949,20.48674346,89.31731815,20016747754,43.84199905
"720","Korea, Rep.","2016",5.873975768,9448683,720.6067037,525.6562786,1.4148e+12,81.93800354
"721","Kuwait","2016",25.00832021,0,398.0415849,222.0467452,1.0942e+11,95.37799835
"722","Latin America & Caribbean (excluding high income)","2016",6.21985285,120083808,272.181443,31.41077269,4.85778e+12,80.13161351
"723","Lao PDR","2016",14.26317296,4536331,8.326217096,29.66137782,15805707154,22.82099915
"724","Lebanon","2016",16.94779904,787483,88.21179055,656.0235582,51239050083,74.01999664
"725","Libya","2016",7.038961039,1328297,142.6334886,3.689693897,26221660068,80.63999939
"726","St. Lucia","2016",8.379050134,146615,183.3088921,295.1213115,1688244704,81.51699829
"727","Latin America & Caribbean","2016",6.108851806,125201699,305.9372891,31.40020075,5.38748e+12,80.3741435
"728","Least developed countries: UN classification","2016",3.717581264,650191716,8.536919319,54.24313284,9.6078e+11,27.00346459
"729","Low income","2016",3.965544329,457679111,3.642645363,49.08792224,4.9453e+11,24.73117878
"730","Sri Lanka","2016",9.790235527,17320519,71.0748479,338.1119439,82401038710,42.94900131
"731","Lower middle income","2016",5.409818792,1776446070,96.30429077,145.9570341,6.02399e+12,39.11045691
"732","Low & middle income","2016",8.18195817,3159751917,160.6073396,67.53938875,2.72671e+13,46.68650145
"733","Lesotho","2016",9.286005888,1508173,8.674694615,68.3465415,2323419617,31.07999992
"734","Late-demographic dividend","2016",9.507330923,888829519,326.0358807,50.81331284,1.84183e+13,52.86923206
"735","Lithuania","2016",3.89146948,936019,4377.611148,45.78766499,42973365745,78.87999725
"736","Luxembourg","2016",3.012253265,55524,11473.9508,239.5119342,58961235412,94.71700287
"737","Latvia","2016",5.397025727,626640,2938.449236,31.51394339,27695474684,81.60500336
"738","Macao SAR, China","2016",8.346473224,0,1111.227147,20159.0792,45322259884,90.29599762
"739","Morocco","2016",5.11592224,13572801,24.45461372,78.70557024,1.03345e+11,28.53800011
"740","Moldova","2016",7.454934585,2041983,521.4031488,123.7312851,8071480541,57.70000076
"741","Madagascar","2016",8.37087507,15968251,3.052897883,42.78855277,9958655045,27.32799911
"742","Maldives","2016",10.84975843,290282,212.4021846,1585.043333,4414055725,75.8239975
"743","Middle East & North Africa","2016",9.900486743,152975206,108.6145246,38.63313042,3.14969e+12,65.13531135
"744","Mexico","2016",3.049073599,25188375,119.6594181,63.44472646,1.07783e+12,79.33599854
"745","Middle income","2016",8.271903205,2702072806,179.5397379,70.74578845,2.67727e+13,49.741296
"746","North Macedonia","2016",2.885147729,883006,466.6597781,82.50376685,10672471861,59.18099976
"747","Malta","2016",2.580505823,25136,3234.831648,1422.9875,11442612409,90.46800232
"748","Myanmar","2016",1.311409329,37088161,20.49194776,81.22316715,63256184700,37.30899811
"749","Middle East & North Africa (excluding high income)","2016",6.625821548,144623748,31.52779404,42.85067583,1.45331e+12,55.49441268
"750","Montenegro","2016",3.293960451,210706,139.8032791,46.26788104,4374128319,84.83699799
"751","Mongolia","2016",9.562281265,968957,437.4486112,1.967326013,11186734674,59.48199844
"752","Mozambique","2016",3.682779554,18110056,5.677338458,35.38994125,10896894351,15.40100002
"753","Mauritania","2016",2.953562817,2000078,3.362528083,4.039520714,4727937032,37.88499832
"754","Mauritius","2016",10.57356632,746586,321.3365066,622.4004926,12232463656,74.95600128
"755","Malawi","2016",4.265439348,14365384,5.230949623,182.491398,5433040160,17.02199936
"756","Malaysia","2016",5.781475974,7720297,945.6472331,93.39462487,2.96753e+11,73.22100067
"757","North America","2016",5.87555833,65351154,11312.5267,19.69440815,2.02399e+13,90.50053333
"758","Namibia","2016",1.283915594,1227101,78.45495477,2.864168155,11286139080,75.01999664
"759","Niger","2016",4.394814859,17402336,0.240513683,16.41180864,7528285444,15.82999992
"760","Nigeria","2016",9.625274868,95429242,47.39721608,204.1791989,4.0465e+11,61.25600052
"761","Nicaragua","2016",4.251525749,2641996,34.5813609,52.38469337,13286093197,77.26200104
"762","Netherlands","2016",3.766632051,1594889,24130.79407,505.500564,7.83528e+11,92.43800354
"763","Norway","2016",13.17738015,969171,7003.508823,14.3363165,3.71345e+11,92.07900238
"764","Nepal","2016",6.330453423,22097328,18.63459003,190.1718242,21185922408,12.80200005
"765","New Zealand","2016",8.351780884,638275,6430.154266,17.82385781,1.87854e+11,86.66799927
"766","OECD members","2016",5.862912806,255165453,6460.779616,37.38046825,4.77729e+13,85.47406901
"767","Oman","2016",8.468440513,783863,127.9240868,14.47243619,65941482445,94.08999634
"768","Other small states","2016",12.39527971,11486866,1317.610244,14.54008494,3.66456e+11,63.59173776
"769","Pakistan","2016",5.706469387,129844974,31.66569761,264.1491335,2.78655e+11,12.7489996
"770","Panama","2016",4.419184506,1331146,510.2700518,54.30559591,57957600000,81.0059967
"771","Peru","2016",6.210226813,6946296,72.52789495,24.1609625,1.91907e+11,63.56200027
"772","Philippines","2016",11.40236082,55486117,40.5348333,347.6671932,3.04898e+11,72.76000214
"773","Papua New Guinea","2016",3.999894785,7192295,14.8698705,18.26560085,20759048835,27.77599907
"774","Poland","2016",3.79049144,15120448,2492.488363,124.008253,4.72028e+11,73.70800018
"775","Pre-demographic dividend","2016",6.315230446,520775934,14.09093391,48.9025429,1.22093e+12,35.05974137
"776","Portugal","2016",6.161903045,3708283,3180.296611,112.7163894,2.06276e+11,80.06700134
"777","Paraguay","2016",4.776454901,2641608,61.67127382,17.05983388,36054281572,76.94499969
"778","West Bank and Gaza","2016",8.194827137,1064347,108.0811745,725.4299003,13425700000,79.20999908
"779","Pacific island small states","2016",6.386176404,1473807,100.1227555,37.20104361,9280440562,42.00811769
"780","Post-demographic dividend","2016",6.046860979,210255192,7469.549207,35.01314293,4.53827e+13,86.81679834
"781","Qatar","2016",20.71987881,26146,362.7974053,228.6282515,1.51732e+11,93.3690033
"782","Romania","2016",3.104295575,9082775,3421.473154,85.63252782,1.88494e+11,56.31700134
"783","Russian Federation","2016",10.39209225,37292301,1163.947701,8.813796287,1.28272e+12,78.92299652
"784","Rwanda","2016",9.954865892,9678584,12.76907395,472.9962708,8475681533,19.67900085
"785","South Asia","2016",4.276632112,1184090358,35.83569085,371.1890581,2.92009e+12,21.884961
"786","Saudi Arabia","2016",8.91978212,5385143,106.0951641,15.09174439,6.44936e+11,97.82800293
"787","Singapore","2016",5.394976052,0,19060.74653,7908.720563,3.18068e+11,87.71399689
"788","Solomon Islands","2016",11.95293304,478063,37.13049107,22.1306538,1232699140,30.19300079
"789","Sierra Leone","2016",2.600079483,4307305,1.500920064,101.5355777,3674794530,40.91400146
"790","El Salvador","2016",4.208154767,1874999,52.07560623,306.7636583,24154120000,78.85399628
"791","Serbia","2016",6.23075356,3119072,551.6891975,80.70343014,40630392019,67.53600311
"792","Sub-Saharan Africa (excluding high income)","2016",5.541393586,622511556,65.76802286,48.13278548,1.54452e+12,36.53405227
"793","Sub-Saharan Africa","2016",5.543843694,622553374,68.62738461,48.13620016,1.54594e+12,36.53405227
"794","Small states","2016",11.39357099,16529478,1065.67226,15.67475518,4.4292e+11,67.38598197
"795","Sao Tome and Principe","2016",11.14496305,58749,14.76181807,211.6947917,347545391.8,84.04199982
"796","Suriname","2016",6.57946456,191836,139.8507315,3.621076923,3167164371,87.61000061
"797","Slovak Republic","2016",2.979570547,2508703,3240.776033,112.9533694,89848359305,77.41999817
"798","Slovenia","2016",3.63088351,949506,5630.87821,102.5241808,44641210338,76.67099762
"799","Sweden","2016",7.370419904,1304687,6205.932933,24.36248803,5.12205e+11,92.04299927
"800","Eswatini","2016",2.066752593,852654,26.03268988,64.76651163,3817430000,65.10800171
"801","East Asia & Pacific (IDA & IBRD countries)","2016",10.59733869,941216687,107.8761858,128.3939817,1.34319e+13,47.18446053
"802","Europe & Central Asia (IDA & IBRD countries)","2016",6.094706272,154411904,1274.054312,19.81809994,3.48394e+12,68.93930885
"803","Togo","2016",2.293095287,4458809,3.462072727,138.0759698,4414908597,49.44200134
"804","Thailand","2016",5.093054304,35556101,146.4811517,135.0023117,4.12353e+11,51.06700134
"805","Tajikistan","2016",0.840461941,6337321,5.886712639,62.42221342,6952678127,25.8939991
"806","Latin America & the Caribbean (IDA & IBRD countries)","2016",6.042520129,122007339,307.7855439,30.79589756,5.15428e+12,80.29460377
"807","Timor-Leste","2016",10.12374216,855331,11.48211087,81.99650303,2503532102,43.40999985
"808","Middle East & North Africa (IDA & IBRD countries)","2016",6.587534643,143559401,30.61413789,42.37481079,1.43971e+12,55.31367096
"809","Tonga","2016",8.935332246,77648,138.4315703,140.4625,401109307.4,40.9980011
"810","South Asia (IDA & IBRD)","2016",4.276632112,1184090358,35.83569085,371.1890581,2.92009e+12,21.884961
"811","Sub-Saharan Africa (IDA & IBRD countries)","2016",5.543843694,622553374,68.62738461,48.13620016,1.54594e+12,36.53405227
"812","Trinidad and Tobago","2016",2.316714682,644011,299.0786635,268.5309942,21746391333,85.77300262
"813","Tunisia","2016",3.848482955,3578151,92.44559378,72.75969361,41808379888,54.84500122
"814","Turkey","2016",2.35258316,20646687,1301.086907,103.7144134,8.63722e+11,55.43099976
"815","Tanzania","2016",9.434299138,35897878,5.654958201,59.89025739,49774021003,26.37199974
"816","Uganda","2016",4.431073796,30677654,3.934673722,197.723449,24133664285,19.77700043
"817","Ukraine","2016",12.02035798,13882133,1905.46998,77.68931796,93355993629,72.72799683
"818","Upper middle income","2016",9.250758522,925626736,273.0795934,44.81308869,2.07382e+13,56.44679732
"819","Uruguay","2016",9.653079246,166276,309.8595498,19.56423266,52687612262,86.82900238
"820","United States","2016",5.919369432,58598680,11435.11206,35.31830199,1.87072e+13,90.52100372
"821","St. Vincent and the Grenadines","2016",7.918629622,53227,191.8526572,280.6641026,770762204.1,85.74500275
"822","Vietnam","2016",2.496269464,61324000,278.7094792,301.9922082,2.05276e+11,35.73899841
"823","World","2016",6.746627463,3387712056,1267.145793,58.31042463,7.61028e+13,54.75699436
"824","Samoa","2016",0.524923409,158194,149.0734315,68.74028269,786640012.2,89.36199951
"825","Yemen, Rep.","2016",0.678285595,17552294,1.435501272,51.45786692,30968242968,27.90800095
"826","South Africa","2016",5.99155673,19479624,917.6449631,46.33098451,2.96341e+11,84.1780014
"827","Zambia","2016",5.33295026,9419162,8.861181164,22.0120085,20954754378,33.31499863
"828","Zimbabwe","2016",6.31739426,9499135,13.82712811,36.2682952,20548678100,26.33099937
"829","Afghanistan","2017",1.624652553,27131559,43.44783505,55.59599302,20191764940,28.17000008
"830","Angola","2017",4.303428934,10483867,10.79929978,23.91653806,1.22124e+11,43.09999847
"831","Albania","2017",24.04265363,1167112,443.0203758,104.8706934,13025062196,42.35200119
"832","Arab World","2017",9.752752641,170355303,127.0662718,36.66980407,2.58887e+12,60.84044898
"833","Argentina","2017",15.18616453,3634137,1628.591391,16.09419079,6.42696e+11,90.8710022
"834","Armenia","2017",23.15123409,1086546,271.3248975,103.4355111,11527458566,55.45399857
"835","Australia","2017",13.63798121,3467878,21544.79377,3.198361419,1.3308e+12,90.72499847
"836","Austria","2017",6.079083656,3686708,7431.714636,106.6074453,4.16836e+11,84.90599823
"837","Azerbaijan","2017",16.38695619,4400516,259.4876636,119.1972058,40865558912,51.8390007
"838","Burundi","2017",2.807074473,9451342,4.618074182,421.6130841,3172416146,2.97300005
"839","Belgium","2017",5.481458701,231939,8300.544045,375.6657199,4.94902e+11,90.72299957
"840","Bangladesh","2017",1.969526151,102415912,65.2155153,1226.631274,2.49724e+11,23.37700081
"841","Bulgaria","2017",5.5384334,1792408,32308.32566,65.18005711,58220973783,72.9280014
"842","Bahrain","2017",7.635176831,161569,359.4199484,1920.403524,35432686170,90.875
"843","Bahamas, The","2017",11.13627808,65186,1508.797389,38.13796204,12162100000,96.2009964
"844","Bosnia and Herzegovina","2017",2.506934253,1746950,1499.018209,65.45951172,18080118128,67.26499939
"845","Belarus","2017",2.96872685,2076890,2259.886649,46.79224208,54726595249,72.96399689
"846","Belize","2017",4.877685525,204415,8002.256706,16.47387111,1862614800,86.52500153
"847","Bolivia","2017",8.663260403,3460830,109.5341724,10.33218314,37508642258,61.61600113
"848","Brazil","2017",10.37765483,28454530,1581.638554,24.8660385,2.05359e+12,85.03199768
"849","Brunei Darussalam","2017",11.66528946,96304,1620.833363,80.54516129,12128089000,90.34300232
"850","Bhutan","2017",4.939597202,446096,118.0308168,19.54614144,2528007911,25.41500092
"851","Botswana","2017",4.357538983,690205,68.47675056,3.89096748,17406565823,72.17099762
"852","Canada","2017",5.780750793,6814760,26568.88012,4.01827985,1.64687e+12,90.5490036
"853","Central Europe and the Baltics","2017",3.692977072,38785403,13204.82901,92.97179492,1.45557e+12,71.92908562
"854","Switzerland","2017",5.277149095,2217678,32951.99625,213.8839911,6.78965e+11,87.27100372
"855","Chile","2017",3.971254496,2310652,7258.192401,24.84148392,2.77746e+11,83.87999725
"856","China","2017",11.65017364,582840458,209.120056,147.6740508,1.21435e+13,46.77099991
"857","Cameroon","2017",11.62828074,10863842,8.548384569,51.9685325,34922782311,37.3370018
"858","Congo, Dem. Rep.","2017",0.520567173,45680986,2.555321356,35.90514722,38019265626,18.70400047
"859","Colombia","2017",9.060540517,9562114,462.9755924,44.07486796,3.1179e+11,78.33599854
"860","Cabo Verde","2017",7.514265172,186721,260.46657,133.3739454,1771235958,79.62799835
"861","Costa Rica","2017",5.987482294,1061270,1161.424934,96.94386996,58174550212,85.56999969
"862","Caribbean small states","2017",5.811454582,3581082,761.4501182,18.0683957,69074812658,85.99218299
"863","Cyprus","2017",11.70774343,391229,17364.03092,127.6709957,22141864999,92.02200317
"864","Czech Republic","2017",3.51888865,2788986,25419.94205,137.1981093,2.15914e+11,73.99099731
"865","Germany","2017",6.609766441,18795376,34181.27844,236.5954946,3.6932e+12,85.2480011
"866","Djibouti","2017",4.043210966,211025,22.2434771,40.72894737,1844674435,42.31600189
"867","Denmark","2017",6.143777585,705807,43757.82743,137.2941176,3.29866e+11,90.03299713
"868","Dominican Republic","2017",4.472157139,2073505,98.1629545,217.6181122,75931656815,89.05400085
"869","Algeria","2017",1.051093012,11567453,63.32570155,17.37771461,1.67555e+11,74.53500366
"870","East Asia & Pacific (excluding high income)","2017",9.621420927,937504580,466.8929555,129.9623376,1.46462e+13,47.72325462
"871","Early-demographic dividend","2017",5.214886802,1772708191,501.3540612,96.87122645,1.137e+13,43.66927956
"872","East Asia & Pacific","2017",7.382644652,967415956,1237.779619,94.85698523,2.39123e+13,51.48184612
"873","Europe & Central Asia (excluding high income)","2017",7.095740911,137536400,3746.750555,18.37625847,3.31727e+12,68.97462032
"874","Europe & Central Asia","2017",5.926709729,255886675,12173.06749,33.36065494,2.15281e+13,78.64597588
"875","Ecuador","2017",4.809518301,6098122,209.9448442,67.58480029,1.04296e+11,64.10199738
"876","Egypt, Arab Rep.","2017",3.444686368,55256784,36.18733063,96.88341253,2.35369e+11,56.26100159
"877","Euro area","2017",5.321448121,79252758,19626.32017,127.351286,1.26394e+13,86.49235504
"878","Spain","2017",5.383863571,9281373,7247.039034,93.26780444,1.31431e+12,88.88700104
"879","Estonia","2017",7.275689603,412117,29131.21763,30.30559006,26611651599,80.68499756
"880","Ethiopia","2017",1.898199727,84790179,0.714285553,106.400024,81716326731,29.00799942
"881","European Union","2017",5.633630498,125760882,18869.87696,120.8370196,1.73496e+13,84.69295636
"882","Finland","2017",6.878706076,808330,22324.1145,18.1244908,2.52331e+11,89.29499817
"883","Fiji","2017",5.056979981,388346,149.2947249,48.02731253,5270335185,52.77399826
"884","France","2017",5.861943766,13252672,14831.19516,122.1154053,2.58629e+12,88.625
"885","United Kingdom","2017",8.670486844,11135542,21195.88532,273.049473,2.63787e+12,91.69400024
"886","Georgia","2017",9.132907571,1557150,2360.244249,65.22278596,15081330942,48.87799835
"887","Ghana","2017",7.146483013,12986138,94.22600939,127.9839633,58996776244,53.52000046
"888","Guinea","2017",0.372646783,7748205,1.574471812,49.11093521,9915311049,26.91500092
"889","Gambia, The","2017",8.301287858,872296,47.87943777,218.7642292,1489464788,58.75099945
"890","Greece","2017",4.609754532,2288166,3695.693753,83.43428239,2.03086e+11,80.36799622
"891","Guatemala","2017",4.956544356,8342446,68.28284777,157.8474804,75620095538,72.40899658
"892","High income","2017",5.884663899,226974465,18739.3828,34.26986397,5.10077e+13,87.10026028
"893","Hong Kong SAR, China","2017",3.960235014,0,10484.86816,7039.714286,3.41648e+11,95.89499664
"894","Honduras","2017",4.827358795,4105675,79.54172934,84.27038162,22940179174,70.32900238
"895","Heavily indebted poor countries (HIPC)","2017",4.90803048,489286527,16.51213689,43.68003626,7.53022e+11,30.65626884
"896","Croatia","2017",4.962427268,1787283,14607.96391,73.7049857,55201417479,81.35099792
"897","Haiti","2017",10.37014195,5013889,4.552753022,398.4893324,8408252995,59.44100189
"898","Hungary","2017",2.628563927,2832442,13627.14174,108.1184801,1.39761e+11,77.27500153
"899","IBRD only","2017",7.712011193,2157296986,887.2596402,68.19258396,2.86333e+13,52.43806715
"900","IDA & IBRD total","2017",7.589934752,3173595103,681.8467963,67.87032944,3.07827e+13,47.76508613
"901","IDA total","2017",5.823293642,1016298117,75.2388545,66.93726578,2.15861e+12,32.63304544
"902","IDA blend","2017",8.463355439,315704188,168.2661314,91.25962454,9.42181e+11,41.02672458
"903","Indonesia","2017",5.988223797,119993091,1280.673602,146.0864808,1.01542e+12,54.51800156
"904","IDA only","2017",4.197011324,700593929,27.47288789,58.89206375,1.21766e+12,29.42235678
"905","India","2017",3.891651093,888869466,123.1015668,450.2432858,2.65255e+12,23.68700027
"906","Ireland","2017",1.995287594,1781281,38597.46707,69.78353898,3.34834e+11,89.72699738
"907","Iceland","2017",16.11827261,21384,57638.32266,3.425436409,24489493459,91.07299805
"908","Israel","2017",9.239635104,667787,6967.624207,402.6478743,3.53268e+11,91.67700195
"909","Italy","2017",5.056739194,18073840,7744.061541,205.8091691,1.94657e+12,84.89299774
"910","Jamaica","2017",6.517785286,1303343,137.2886619,269.7001847,14781107822,84.78099823
"911","Jordan","2017",6.520919667,904867,108.0868495,110.1506308,40765867419,83.35500336
"912","Japan","2017",2.169410531,10732418,5980.236099,347.7775867,4.85995e+12,82.85700226
"913","Kazakhstan","2017",4.638938386,7695637,1232.247257,6.681400156,1.62887e+11,73.87799835
"914","Kenya","2017",1.372749756,36881645,36.5779793,88.24098289,78757391333,33.37799835
"915","Kyrgyz Republic","2017",8.314905296,3958480,103.0944468,32.31595412,7702934800,61.03900146
"916","Cambodia","2017",5.036591247,12330451,55.15504815,90.69461817,22177200512,44.38000107
"917","Korea, Rep.","2017",5.623172583,9519703,1196.513417,527.9180106,1.53075e+12,81.81600189
"918","Kuwait","2017",23.77057373,0,484.2093273,227.6148709,1.19552e+11,95.35099792
"919","Latin America & Caribbean (excluding high income)","2017",6.484768177,119735820,798.8275534,31.71861424,5.40504e+12,80.10549198
"920","Lao PDR","2017",14.57912921,4563416,16.39571784,30.12580156,16853087485,23.28100014
"921","Lebanon","2017",17.79413404,788202,119.3504342,665.8722385,53393799668,74.23899841
"922","St. Lucia","2017",8.609512372,147276,193.4182532,296.647541,1810139889,81.69799805
"923","Latin America & Caribbean","2017",6.329544273,124881316,1011.472774,31.70622088,5.97099e+12,80.34856669
"924","Least developed countries: UN classification","2017",3.812663227,660464809,23.87628859,55.52974147,1.0789e+12,27.54953466
"925","Low income","2017",4.298282799,466578925,15.24475549,50.35754873,5.27888e+11,24.9881458
"926","Sri Lanka","2017",9.483793087,17501735,305.2135796,341.9550311,88019706804,43.49399948
"927","Lower middle income","2017",5.27011554,1787778616,317.6534263,148.0218874,6.52185e+12,39.62660841
"928","Low & middle income","2017",7.821705497,3165479066,610.6904329,68.39405425,2.99136e+13,47.21051218
"929","Lesotho","2017",8.902541595,1511463,20.08212633,68.88708827,2578265356,31.40800095
"930","Late-demographic dividend","2017",8.955646024,874414336,1133.135831,51.13138677,2.03611e+13,53.77082305
"931","Lithuania","2017",3.519982177,918778,13058.25231,45.15186156,47544459559,78.99500275
"932","Luxembourg","2017",2.944307947,55298,43014.34091,245.4057613,62316359824,95.98999786
"933","Latvia","2017",4.333664533,620063,11948.01076,31.23589579,30463302414,82.93599701
"934","Macao SAR, China","2017",7.38896743,0,1779.676671,20479.76999,50559431846,90.44799805
"935","Morocco","2017",5.728153138,13553627,284.2785875,79.72505938,1.09709e+11,28.77000046
"936","Moldova","2017",7.116560292,2038765,2837.544052,123.6352109,9669759987,59.54299927
"937","Madagascar","2017",7.075636031,16231667,4.927545527,43.95073909,11465850504,27.51000023
"938","Maldives","2017",10.40536534,300919,421.0297299,1654.673333,4865546026,76.09400177
"939","Middle East & North Africa","2017",9.687240297,154207324,311.3413494,39.31541591,3.27501e+12,65.58900245
"940","Mexico","2017",2.977957231,25121419,185.4824199,64.18751717,1.15807e+12,78.73999786
"941","Middle income","2017",7.877239939,2698900141,683.561935,71.52834419,2.93829e+13,50.36784185
"942","North Macedonia","2017",2.974888294,879685,498.0797273,82.55337034,11279509014,59.41799927
"943","Malta","2017",2.850033526,25525,14102.59424,1462.496875,12748803180,90.25
"944","Myanmar","2017",0.736709556,37195915,9.909599538,81.73972714,66719084836,39.19200134
"945","Middle East & North Africa (excluding high income)","2017",5.542774779,145834583,127.7424367,43.57631292,1.43754e+12,55.91338901
"946","Montenegro","2017",2.894402355,208638,223.3387374,46.2730855,4844592067,85.90699768
"947","Mongolia","2017",9.474101919,985106,1527.083329,2.004286284,11433635876,61.95500183
"948","Mozambique","2017",2.885876454,18491502,7.748959676,36.43150512,12651912500,15.49300003
"949","Mauritania","2017",2.152725059,2020347,4.203079737,4.155015038,4975432191,38.20500183
"950","Mauritius","2017",10.29364797,748132,379.5627595,622.962069,13259351418,75.21099854
"951","Malawi","2017",4.864776283,14716853,10.41297638,187.4232075,6303292264,17.11800003
"952","Malaysia","2017",5.304054566,7637218,4917.725842,94.67365089,3.14707e+11,73.5059967
"953","North America","2017",5.965221736,65152656,29951.25134,19.83178446,2.11386e+13,90.52853371
"954","Namibia","2017",1.273287702,1225207,119.4537758,2.91829489,13566192143,75.18699646
"955","Nigeria","2017",16.08847619,96354756,222.8127116,209.5735597,3.75745e+11,61.375
"956","Nicaragua","2017",4.803441587,2662548,122.3207105,53.05679741,13843586680,77.5019989
"957","Netherlands","2017",3.638701038,1528626,70412.12761,508.4979519,8.3181e+11,92.36000061
"958","Norway","2017",13.51446887,956662,14572.57273,14.45257595,3.99489e+11,92.26699829
"959","Nepal","2017",7.652325642,22285143,158.2502761,192.7249669,24880266905,13.14900017
"960","New Zealand","2017",8.410852219,648806,14980.49605,18.20629676,2.02591e+11,86.31700134
"961","OECD members","2017",5.625551816,254122894,17149.78338,37.59738883,4.97898e+13,85.45025293
"962","Oman","2017",8.340675267,767080,141.8793875,15.0757189,70783875163,94.11399841
"963","Other small states","2017",11.75641199,11569711,3478.745423,14.83830039,4.04665e+11,63.7621659
"964","Pakistan","2017",4.997054172,132134976,115.0715794,269.6874818,3.04952e+11,12.97200012
"965","Panama","2017",4.172755017,1340245,2151.325214,55.24308582,62283800000,81.60099792
"966","Peru","2017",6.182715951,7005789,218.5769966,24.56585703,2.10702e+11,65.05899811
"967","Philippines","2017",10.82022829,56076281,87.84551937,352.7291948,3.1362e+11,74.78299713
"968","Papua New Guinea","2017",3.664003356,7332478,31.04990514,18.63275405,22277692409,27.9470005
"969","Poland","2017",3.610992636,15150057,6534.934485,124.0237304,5.26371e+11,73.86399841
"970","Pre-demographic dividend","2017",7.088230684,530617667,57.85436516,50.28364036,1.30431e+12,35.24024673
"971","Portugal","2017",6.185712409,3640950,12464.78258,112.4418211,2.19308e+11,80.54000092
"972","Paraguay","2017",4.360423838,2657553,186.8339036,17.28432419,39008900332,76.37000275
"973","West Bank and Gaza","2017",9.582571137,1073875,547.7231888,740.0008306,14498100000,80.48999786
"974","Pacific island small states","2017",6.111794107,1488845,137.7184206,37.72719626,9883385374,42.18592313
"975","Post-demographic dividend","2017",5.815870023,209054298,19976.41149,35.14160317,4.72556e+13,86.86836857
"976","Qatar","2017",19.75155159,25122,401.1415468,234.687683,1.66929e+11,93.34500122
"977","Romania","2017",4.56736201,9022782,12255.16836,85.13339273,2.11407e+11,55.98099899
"978","Russian Federation","2017",10.87401404,37147222,3541.09719,8.823220799,1.57862e+12,80.19499969
"979","Rwanda","2017",11.69862555,9929202,18.27903777,485.648034,9135454442,19.9829998
"980","South Asia","2017",4.101333917,1191085806,118.2026947,375.7301755,3.34771e+12,22.57472298
"981","Saudi Arabia","2017",9.280819422,5420978,166.8018816,15.39717215,6.88586e+11,97.82800293
"982","Singapore","2017",4.95359732,0,58690.33345,7915.730436,3.38406e+11,87.84700012
"983","Solomon Islands","2017",10.70942822,487930,61.31709112,22.72375849,1321131091,30.45000076
"984","El Salvador","2017",4.110732207,1834988,61.52042807,308.3070463,24927970000,78.05799866
"985","Serbia","2017",6.120048896,3093250,5802.567151,80.27507432,44120424392,68.14399719
"986","Sub-Saharan Africa (excluding high income)","2017",6.56689861,633781877,563.7865358,49.43332657,1.67844e+12,36.75578339
"987","Sub-Saharan Africa","2017",6.564632909,633823798,577.8987228,49.43676797,1.67995e+12,36.75578339
"988","Small states","2017",10.88681683,16639638,2778.266394,15.94878109,4.83623e+11,67.43736159
"989","Sao Tome and Principe","2017",8.903294844,58051,38.63073365,215.7177083,375040173.8,84.20200348
"990","Suriname","2017",5.464295411,193735,201.5789769,3.657025641,3068766110,87.70999908
"991","Slovak Republic","2017",2.904555436,2515590,6963.666929,113.1287854,95617670260,77.29699707
"992","Slovenia","2017",3.156773854,944897,19594.09366,102.5910064,48455919386,76.1210022
"993","Sweden","2017",7.613529723,1292817,13619.1204,24.69298078,5.35607e+11,91.87400055
"994","Eswatini","2017",3.845279467,859030,40.89786824,65.39261628,4433664364,65.28500366
"995","East Asia & Pacific (IDA & IBRD countries)","2017",9.621420927,927755840,472.688653,129.3384787,1.46181e+13,48.16627356
"996","Europe & Central Asia (IDA & IBRD countries)","2017",6.300564612,154473740,4077.200016,19.9183701,3.89885e+12,69.51565369
"997","Thailand","2017",4.673187928,35158608,578.2846715,135.4691969,4.55276e+11,51.47200012
"998","Tajikistan","2017",0.582508431,6484194,20.0444401,63.98348584,7157865188,26.06599998
"999","Latin America & the Caribbean (IDA & IBRD countries)","2017",6.279495335,121695211,1015.624499,31.10734611,5.73228e+12,80.26661547
"1000","Timor-Leste","2017",12.20194782,867647,12.06504507,83.60867518,2487269437,42.9090004
"1001","Middle East & North Africa (IDA & IBRD countries)","2017",5.416616851,144760708,122.7142915,43.09079554,1.42282e+12,55.73459638
"1002","Tonga","2017",12.44656538,78366,205.8863899,141.6638889,430174168.7,41.27199936
"1003","South Asia (IDA & IBRD)","2017",4.101333917,1191085806,118.2026947,375.7301755,3.34771e+12,22.57472298
"1004","Sub-Saharan Africa (IDA & IBRD countries)","2017",6.564632909,633823798,577.8987228,49.43676797,1.67995e+12,36.75578339
"1005","Trinidad and Tobago","2017",1.524390206,647676,290.4473178,269.7996101,22250455019,85.81099701
"1006","Tunisia","2017",3.856288852,3585299,214.2836589,73.59322219,39952095561,54.98600006
"1007","Turkey","2017",2.079303287,20564196,3351.870016,105.3777685,8.51549e+11,56.1269989
"1008","Tanzania","2017",9.394371113,36595845,22.70236598,61.71134116,53320625959,26.85199928
"1009","Uganda","2017",4.307116403,31614420,20.40694113,205.2786006,25995031850,20.0510006
"1010","Ukraine","2017",12.06648324,13787367,3948.260511,77.38979613,1.1219e+11,73.15499878
"1011","Upper middle income","2017",8.799115848,911121525,1097.442733,45.15351056,2.28514e+13,57.27389501
"1012","Uruguay","2017",11.1285331,163584,1103.692379,19.63573306,56488991831,86.91600037
"1013","United States","2017",5.991688345,58337896,30335.70148,35.54522707,1.94854e+13,90.52600098
"1014","St. Vincent and the Grenadines","2017",7.9756393,52954,163.8941244,281.6076923,785222509.1,85.89099884
"1015","Vietnam","2017",2.287976321,61286326,1348.715951,305.0815687,2.2378e+11,36.7140007
"1016","World","2017",6.472550627,3392453531,3518.099455,58.97696677,8.08913e+13,55.1896752
"1017","Samoa","2017",0.851784584,159306,296.899955,69.02897527,841538413,89.47499847
"1018","South Africa","2017",6.13041815,19465654,9430.697312,46.98781706,3.49268e+11,84.04199982
"1019","Zambia","2017",4.372795624,9610647,42.3646148,22.67139456,25868142077,33.59600067
"1020","Zimbabwe","2017",5.152895947,9647246,30.55473706,36.80171901,22813010116,26.4659996
